Statistic,Year,Sex of Child,Date of Occurrence,Month of Occurrence,UNIT,VALUE
Births,1999,Both sexes,Total,January,Number,4452
Births,1999,Both sexes,Total,February,Number,4075
Births,1999,Both sexes,Total,March,Number,4577
Births,1999,Both sexes,Total,April,Number,4493
Births,1999,Both sexes,Total,May,Number,4582
Births,1999,Both sexes,Total,June,Number,4654
Births,1999,Both sexes,Total,July,Number,4631
Births,1999,Both sexes,Total,August,Number,4479
Births,1999,Both sexes,Total,September,Number,4628
Births,1999,Both sexes,Total,October,Number,4440
Births,1999,Both sexes,Total,November,Number,4312
Births,1999,Both sexes,Total,December,Number,4601
Births,1999,Both sexes,1st,January,Number,119
Births,1999,Both sexes,1st,February,Number,152
Births,1999,Both sexes,1st,March,Number,158
Births,1999,Both sexes,1st,April,Number,158
Births,1999,Both sexes,1st,May,Number,129
Births,1999,Both sexes,1st,June,Number,171
Births,1999,Both sexes,1st,July,Number,159
Births,1999,Both sexes,1st,August,Number,121
Births,1999,Both sexes,1st,September,Number,175
Births,1999,Both sexes,1st,October,Number,168
Births,1999,Both sexes,1st,November,Number,159
Births,1999,Both sexes,1st,December,Number,165
Births,1999,Both sexes,2nd,January,Number,119
Births,1999,Both sexes,2nd,February,Number,163
Births,1999,Both sexes,2nd,March,Number,154
Births,1999,Both sexes,2nd,April,Number,159
Births,1999,Both sexes,2nd,May,Number,121
Births,1999,Both sexes,2nd,June,Number,168
Births,1999,Both sexes,2nd,July,Number,172
Births,1999,Both sexes,2nd,August,Number,109
Births,1999,Both sexes,2nd,September,Number,164
Births,1999,Both sexes,2nd,October,Number,152
Births,1999,Both sexes,2nd,November,Number,148
Births,1999,Both sexes,2nd,December,Number,160
Births,1999,Both sexes,3rd,January,Number,129
Births,1999,Both sexes,3rd,February,Number,177
Births,1999,Both sexes,3rd,March,Number,159
Births,1999,Both sexes,3rd,April,Number,101
Births,1999,Both sexes,3rd,May,Number,122
Births,1999,Both sexes,3rd,June,Number,183
Births,1999,Both sexes,3rd,July,Number,119
Births,1999,Both sexes,3rd,August,Number,130
Births,1999,Both sexes,3rd,September,Number,173
Births,1999,Both sexes,3rd,October,Number,120
Births,1999,Both sexes,3rd,November,Number,189
Births,1999,Both sexes,3rd,December,Number,169
Births,1999,Both sexes,4th,January,Number,147
Births,1999,Both sexes,4th,February,Number,155
Births,1999,Both sexes,4th,March,Number,173
Births,1999,Both sexes,4th,April,Number,99
Births,1999,Both sexes,4th,May,Number,156
Births,1999,Both sexes,4th,June,Number,155
Births,1999,Both sexes,4th,July,Number,105
Births,1999,Both sexes,4th,August,Number,179
Births,1999,Both sexes,4th,September,Number,102
Births,1999,Both sexes,4th,October,Number,144
Births,1999,Both sexes,4th,November,Number,172
Births,1999,Both sexes,4th,December,Number,111
Births,1999,Both sexes,5th,January,Number,177
Births,1999,Both sexes,5th,February,Number,142
Births,1999,Both sexes,5th,March,Number,147
Births,1999,Both sexes,5th,April,Number,122
Births,1999,Both sexes,5th,May,Number,167
Births,1999,Both sexes,5th,June,Number,114
Births,1999,Both sexes,5th,July,Number,152
Births,1999,Both sexes,5th,August,Number,186
Births,1999,Both sexes,5th,September,Number,112
Births,1999,Both sexes,5th,October,Number,166
Births,1999,Both sexes,5th,November,Number,152
Births,1999,Both sexes,5th,December,Number,109
Births,1999,Both sexes,6th,January,Number,161
Births,1999,Both sexes,6th,February,Number,123
Births,1999,Both sexes,6th,March,Number,119
Births,1999,Both sexes,6th,April,Number,134
Births,1999,Both sexes,6th,May,Number,206
Births,1999,Both sexes,6th,June,Number,108
Births,1999,Both sexes,6th,July,Number,154
Births,1999,Both sexes,6th,August,Number,160
Births,1999,Both sexes,6th,September,Number,166
Births,1999,Both sexes,6th,October,Number,171
Births,1999,Both sexes,6th,November,Number,108
Births,1999,Both sexes,6th,December,Number,146
Births,1999,Both sexes,7th,January,Number,154
Births,1999,Both sexes,7th,February,Number,98
Births,1999,Both sexes,7th,March,Number,108
Births,1999,Both sexes,7th,April,Number,186
Births,1999,Both sexes,7th,May,Number,179
Births,1999,Both sexes,7th,June,Number,107
Births,1999,Both sexes,7th,July,Number,168
Births,1999,Both sexes,7th,August,Number,130
Births,1999,Both sexes,7th,September,Number,183
Births,1999,Both sexes,7th,October,Number,193
Births,1999,Both sexes,7th,November,Number,89
Births,1999,Both sexes,7th,December,Number,173
Births,1999,Both sexes,8th,January,Number,154
Births,1999,Both sexes,8th,February,Number,150
Births,1999,Both sexes,8th,March,Number,150
Births,1999,Both sexes,8th,April,Number,193
Births,1999,Both sexes,8th,May,Number,125
Births,1999,Both sexes,8th,June,Number,168
Births,1999,Both sexes,8th,July,Number,167
Births,1999,Both sexes,8th,August,Number,102
Births,1999,Both sexes,8th,September,Number,178
Births,1999,Both sexes,8th,October,Number,152
Births,1999,Both sexes,8th,November,Number,159
Births,1999,Both sexes,8th,December,Number,166
Births,1999,Both sexes,9th,January,Number,139
Births,1999,Both sexes,9th,February,Number,135
Births,1999,Both sexes,9th,March,Number,170
Births,1999,Both sexes,9th,April,Number,147
Births,1999,Both sexes,9th,May,Number,123
Births,1999,Both sexes,9th,June,Number,191
Births,1999,Both sexes,9th,July,Number,179
Births,1999,Both sexes,9th,August,Number,133
Births,1999,Both sexes,9th,September,Number,150
Births,1999,Both sexes,9th,October,Number,128
Births,1999,Both sexes,9th,November,Number,145
Births,1999,Both sexes,9th,December,Number,165
Births,1999,Both sexes,10th,January,Number,101
Births,1999,Both sexes,10th,February,Number,172
Births,1999,Both sexes,10th,March,Number,151
Births,1999,Both sexes,10th,April,Number,116
Births,1999,Both sexes,10th,May,Number,143
Births,1999,Both sexes,10th,June,Number,186
Births,1999,Both sexes,10th,July,Number,112
Births,1999,Both sexes,10th,August,Number,163
Births,1999,Both sexes,10th,September,Number,142
Births,1999,Both sexes,10th,October,Number,100
Births,1999,Both sexes,10th,November,Number,151
Births,1999,Both sexes,10th,December,Number,173
Births,1999,Both sexes,11th,January,Number,144
Births,1999,Both sexes,11th,February,Number,181
Births,1999,Both sexes,11th,March,Number,173
Births,1999,Both sexes,11th,April,Number,94
Births,1999,Both sexes,11th,May,Number,172
Births,1999,Both sexes,11th,June,Number,165
Births,1999,Both sexes,11th,July,Number,99
Births,1999,Both sexes,11th,August,Number,159
Births,1999,Both sexes,11th,September,Number,100
Births,1999,Both sexes,11th,October,Number,146
Births,1999,Both sexes,11th,November,Number,172
Births,1999,Both sexes,11th,December,Number,118
Births,1999,Both sexes,12th,January,Number,143
Births,1999,Both sexes,12th,February,Number,153
Births,1999,Both sexes,12th,March,Number,184
Births,1999,Both sexes,12th,April,Number,144
Births,1999,Both sexes,12th,May,Number,178
Births,1999,Both sexes,12th,June,Number,137
Births,1999,Both sexes,12th,July,Number,146
Births,1999,Both sexes,12th,August,Number,183
Births,1999,Both sexes,12th,September,Number,99
Births,1999,Both sexes,12th,October,Number,139
Births,1999,Both sexes,12th,November,Number,147
Births,1999,Both sexes,12th,December,Number,120
Births,1999,Both sexes,13th,January,Number,157
Births,1999,Both sexes,13th,February,Number,108
Births,1999,Both sexes,13th,March,Number,102
Births,1999,Both sexes,13th,April,Number,169
Births,1999,Both sexes,13th,May,Number,174
Births,1999,Both sexes,13th,June,Number,119
Births,1999,Both sexes,13th,July,Number,177
Births,1999,Both sexes,13th,August,Number,164
Births,1999,Both sexes,13th,September,Number,137
Births,1999,Both sexes,13th,October,Number,172
Births,1999,Both sexes,13th,November,Number,112
Births,1999,Both sexes,13th,December,Number,164
Births,1999,Both sexes,14th,January,Number,177
Births,1999,Both sexes,14th,February,Number,117
Births,1999,Both sexes,14th,March,Number,110
Births,1999,Both sexes,14th,April,Number,176
Births,1999,Both sexes,14th,May,Number,167
Births,1999,Both sexes,14th,June,Number,143
Births,1999,Both sexes,14th,July,Number,168
Births,1999,Both sexes,14th,August,Number,126
Births,1999,Both sexes,14th,September,Number,169
Births,1999,Both sexes,14th,October,Number,186
Births,1999,Both sexes,14th,November,Number,118
Births,1999,Both sexes,14th,December,Number,173
Births,1999,Both sexes,15th,January,Number,173
Births,1999,Both sexes,15th,February,Number,154
Births,1999,Both sexes,15th,March,Number,171
Births,1999,Both sexes,15th,April,Number,172
Births,1999,Both sexes,15th,May,Number,117
Births,1999,Both sexes,15th,June,Number,162
Births,1999,Both sexes,15th,July,Number,185
Births,1999,Both sexes,15th,August,Number,105
Births,1999,Both sexes,15th,September,Number,180
Births,1999,Both sexes,15th,October,Number,140
Births,1999,Both sexes,15th,November,Number,152
Births,1999,Both sexes,15th,December,Number,166
Births,1999,Both sexes,16th,January,Number,132
Births,1999,Both sexes,16th,February,Number,157
Births,1999,Both sexes,16th,March,Number,195
Births,1999,Both sexes,16th,April,Number,146
Births,1999,Both sexes,16th,May,Number,109
Births,1999,Both sexes,16th,June,Number,176
Births,1999,Both sexes,16th,July,Number,144
Births,1999,Both sexes,16th,August,Number,162
Births,1999,Both sexes,16th,September,Number,190
Births,1999,Both sexes,16th,October,Number,120
Births,1999,Both sexes,16th,November,Number,159
Births,1999,Both sexes,16th,December,Number,169
Births,1999,Both sexes,17th,January,Number,98
Births,1999,Both sexes,17th,February,Number,166
Births,1999,Both sexes,17th,March,Number,109
Births,1999,Both sexes,17th,April,Number,125
Births,1999,Both sexes,17th,May,Number,135
Births,1999,Both sexes,17th,June,Number,159
Births,1999,Both sexes,17th,July,Number,138
Births,1999,Both sexes,17th,August,Number,158
Births,1999,Both sexes,17th,September,Number,144
Births,1999,Both sexes,17th,October,Number,108
Births,1999,Both sexes,17th,November,Number,148
Births,1999,Both sexes,17th,December,Number,177
Births,1999,Both sexes,18th,January,Number,140
Births,1999,Both sexes,18th,February,Number,173
Births,1999,Both sexes,18th,March,Number,171
Births,1999,Both sexes,18th,April,Number,122
Births,1999,Both sexes,18th,May,Number,175
Births,1999,Both sexes,18th,June,Number,178
Births,1999,Both sexes,18th,July,Number,96
Births,1999,Both sexes,18th,August,Number,163
Births,1999,Both sexes,18th,September,Number,116
Births,1999,Both sexes,18th,October,Number,156
Births,1999,Both sexes,18th,November,Number,164
Births,1999,Both sexes,18th,December,Number,133
Births,1999,Both sexes,19th,January,Number,144
Births,1999,Both sexes,19th,February,Number,156
Births,1999,Both sexes,19th,March,Number,145
Births,1999,Both sexes,19th,April,Number,164
Births,1999,Both sexes,19th,May,Number,181
Births,1999,Both sexes,19th,June,Number,118
Births,1999,Both sexes,19th,July,Number,158
Births,1999,Both sexes,19th,August,Number,149
Births,1999,Both sexes,19th,September,Number,100
Births,1999,Both sexes,19th,October,Number,141
Births,1999,Both sexes,19th,November,Number,143
Births,1999,Both sexes,19th,December,Number,115
Births,1999,Both sexes,20th,January,Number,170
Births,1999,Both sexes,20th,February,Number,120
Births,1999,Both sexes,20th,March,Number,118
Births,1999,Both sexes,20th,April,Number,172
Births,1999,Both sexes,20th,May,Number,170
Births,1999,Both sexes,20th,June,Number,118
Births,1999,Both sexes,20th,July,Number,178
Births,1999,Both sexes,20th,August,Number,168
Births,1999,Both sexes,20th,September,Number,172
Births,1999,Both sexes,20th,October,Number,123
Births,1999,Both sexes,20th,November,Number,133
Births,1999,Both sexes,20th,December,Number,156
Births,1999,Both sexes,21st,January,Number,175
Births,1999,Both sexes,21st,February,Number,91
Births,1999,Both sexes,21st,March,Number,102
Births,1999,Both sexes,21st,April,Number,198
Births,1999,Both sexes,21st,May,Number,139
Births,1999,Both sexes,21st,June,Number,161
Births,1999,Both sexes,21st,July,Number,163
Births,1999,Both sexes,21st,August,Number,111
Births,1999,Both sexes,21st,September,Number,185
Births,1999,Both sexes,21st,October,Number,169
Births,1999,Both sexes,21st,November,Number,111
Births,1999,Both sexes,21st,December,Number,175
Births,1999,Both sexes,22nd,January,Number,152
Births,1999,Both sexes,22nd,February,Number,127
Births,1999,Both sexes,22nd,March,Number,146
Births,1999,Both sexes,22nd,April,Number,192
Births,1999,Both sexes,22nd,May,Number,112
Births,1999,Both sexes,22nd,June,Number,201
Births,1999,Both sexes,22nd,July,Number,173
Births,1999,Both sexes,22nd,August,Number,102
Births,1999,Both sexes,22nd,September,Number,177
Births,1999,Both sexes,22nd,October,Number,175
Births,1999,Both sexes,22nd,November,Number,142
Births,1999,Both sexes,22nd,December,Number,155
Births,1999,Both sexes,23rd,January,Number,107
Births,1999,Both sexes,23rd,February,Number,164
Births,1999,Both sexes,23rd,March,Number,167
Births,1999,Both sexes,23rd,April,Number,159
Births,1999,Both sexes,23rd,May,Number,84
Births,1999,Both sexes,23rd,June,Number,181
Births,1999,Both sexes,23rd,July,Number,164
Births,1999,Both sexes,23rd,August,Number,128
Births,1999,Both sexes,23rd,September,Number,200
Births,1999,Both sexes,23rd,October,Number,107
Births,1999,Both sexes,23rd,November,Number,148
Births,1999,Both sexes,23rd,December,Number,153
Births,1999,Both sexes,24th,January,Number,101
Births,1999,Both sexes,24th,February,Number,174
Births,1999,Both sexes,24th,March,Number,167
Births,1999,Both sexes,24th,April,Number,108
Births,1999,Both sexes,24th,May,Number,142
Births,1999,Both sexes,24th,June,Number,196
Births,1999,Both sexes,24th,July,Number,116
Births,1999,Both sexes,24th,August,Number,184
Births,1999,Both sexes,24th,September,Number,163
Births,1999,Both sexes,24th,October,Number,104
Births,1999,Both sexes,24th,November,Number,158
Births,1999,Both sexes,24th,December,Number,103
Births,1999,Both sexes,25th,January,Number,165
Births,1999,Both sexes,25th,February,Number,190
Births,1999,Both sexes,25th,March,Number,167
Births,1999,Both sexes,25th,April,Number,111
Births,1999,Both sexes,25th,May,Number,164
Births,1999,Both sexes,25th,June,Number,157
Births,1999,Both sexes,25th,July,Number,113
Births,1999,Both sexes,25th,August,Number,170
Births,1999,Both sexes,25th,September,Number,124
Births,1999,Both sexes,25th,October,Number,115
Births,1999,Both sexes,25th,November,Number,177
Births,1999,Both sexes,25th,December,Number,111
Births,1999,Both sexes,26th,January,Number,156
Births,1999,Both sexes,26th,February,Number,147
Births,1999,Both sexes,26th,March,Number,161
Births,1999,Both sexes,26th,April,Number,157
Births,1999,Both sexes,26th,May,Number,172
Births,1999,Both sexes,26th,June,Number,122
Births,1999,Both sexes,26th,July,Number,151
Births,1999,Both sexes,26th,August,Number,181
Births,1999,Both sexes,26th,September,Number,122
Births,1999,Both sexes,26th,October,Number,146
Births,1999,Both sexes,26th,November,Number,157
Births,1999,Both sexes,26th,December,Number,110
Births,1999,Both sexes,27th,January,Number,160
Births,1999,Both sexes,27th,February,Number,119
Births,1999,Both sexes,27th,March,Number,121
Births,1999,Both sexes,27th,April,Number,165
Births,1999,Both sexes,27th,May,Number,168
Births,1999,Both sexes,27th,June,Number,117
Births,1999,Both sexes,27th,July,Number,154
Births,1999,Both sexes,27th,August,Number,148
Births,1999,Both sexes,27th,September,Number,157
Births,1999,Both sexes,27th,October,Number,156
Births,1999,Both sexes,27th,November,Number,115
Births,1999,Both sexes,27th,December,Number,118
Births,1999,Both sexes,28th,January,Number,156
Births,1999,Both sexes,28th,February,Number,111
Births,1999,Both sexes,28th,March,Number,99
Births,1999,Both sexes,28th,April,Number,153
Births,1999,Both sexes,28th,May,Number,180
Births,1999,Both sexes,28th,June,Number,166
Births,1999,Both sexes,28th,July,Number,166
Births,1999,Both sexes,28th,August,Number,98
Births,1999,Both sexes,28th,September,Number,183
Births,1999,Both sexes,28th,October,Number,156
Births,1999,Both sexes,28th,November,Number,108
Births,1999,Both sexes,28th,December,Number,130
Births,1999,Both sexes,29th,January,Number,176
Births,1999,Both sexes,29th,February,Number,
Births,1999,Both sexes,29th,March,Number,146
Births,1999,Both sexes,29th,April,Number,190
Births,1999,Both sexes,29th,May,Number,129
Births,1999,Both sexes,29th,June,Number,162
Births,1999,Both sexes,29th,July,Number,175
Births,1999,Both sexes,29th,August,Number,114
Births,1999,Both sexes,29th,September,Number,172
Births,1999,Both sexes,29th,October,Number,152
Births,1999,Both sexes,29th,November,Number,120
Births,1999,Both sexes,29th,December,Number,156
Births,1999,Both sexes,30th,January,Number,109
Births,1999,Both sexes,30th,February,Number,
Births,1999,Both sexes,30th,March,Number,168
Births,1999,Both sexes,30th,April,Number,161
Births,1999,Both sexes,30th,May,Number,95
Births,1999,Both sexes,30th,June,Number,165
Births,1999,Both sexes,30th,July,Number,164
Births,1999,Both sexes,30th,August,Number,157
Births,1999,Both sexes,30th,September,Number,193
Births,1999,Both sexes,30th,October,Number,127
Births,1999,Both sexes,30th,November,Number,156
Births,1999,Both sexes,30th,December,Number,188
Births,1999,Both sexes,31st,January,Number,117
Births,1999,Both sexes,31st,February,Number,
Births,1999,Both sexes,31st,March,Number,166
Births,1999,Both sexes,31st,April,Number,
Births,1999,Both sexes,31st,May,Number,148
Births,1999,Both sexes,31st,June,Number,
Births,1999,Both sexes,31st,July,Number,116
Births,1999,Both sexes,31st,August,Number,136
Births,1999,Both sexes,31st,September,Number,
Births,1999,Both sexes,31st,October,Number,108
Births,1999,Both sexes,31st,November,Number,
Births,1999,Both sexes,31st,December,Number,174
Births,1999,Male,Total,January,Number,
Births,1999,Male,Total,February,Number,
Births,1999,Male,Total,March,Number,
Births,1999,Male,Total,April,Number,
Births,1999,Male,Total,May,Number,
Births,1999,Male,Total,June,Number,
Births,1999,Male,Total,July,Number,
Births,1999,Male,Total,August,Number,
Births,1999,Male,Total,September,Number,
Births,1999,Male,Total,October,Number,
Births,1999,Male,Total,November,Number,
Births,1999,Male,Total,December,Number,
Births,1999,Male,1st,January,Number,57
Births,1999,Male,1st,February,Number,74
Births,1999,Male,1st,March,Number,87
Births,1999,Male,1st,April,Number,79
Births,1999,Male,1st,May,Number,62
Births,1999,Male,1st,June,Number,88
Births,1999,Male,1st,July,Number,90
Births,1999,Male,1st,August,Number,59
Births,1999,Male,1st,September,Number,85
Births,1999,Male,1st,October,Number,82
Births,1999,Male,1st,November,Number,90
Births,1999,Male,1st,December,Number,95
Births,1999,Male,2nd,January,Number,61
Births,1999,Male,2nd,February,Number,69
Births,1999,Male,2nd,March,Number,91
Births,1999,Male,2nd,April,Number,72
Births,1999,Male,2nd,May,Number,61
Births,1999,Male,2nd,June,Number,90
Births,1999,Male,2nd,July,Number,89
Births,1999,Male,2nd,August,Number,47
Births,1999,Male,2nd,September,Number,80
Births,1999,Male,2nd,October,Number,65
Births,1999,Male,2nd,November,Number,93
Births,1999,Male,2nd,December,Number,76
Births,1999,Male,3rd,January,Number,73
Births,1999,Male,3rd,February,Number,84
Births,1999,Male,3rd,March,Number,95
Births,1999,Male,3rd,April,Number,58
Births,1999,Male,3rd,May,Number,63
Births,1999,Male,3rd,June,Number,99
Births,1999,Male,3rd,July,Number,70
Births,1999,Male,3rd,August,Number,66
Births,1999,Male,3rd,September,Number,83
Births,1999,Male,3rd,October,Number,65
Births,1999,Male,3rd,November,Number,94
Births,1999,Male,3rd,December,Number,81
Births,1999,Male,4th,January,Number,68
Births,1999,Male,4th,February,Number,88
Births,1999,Male,4th,March,Number,89
Births,1999,Male,4th,April,Number,45
Births,1999,Male,4th,May,Number,81
Births,1999,Male,4th,June,Number,86
Births,1999,Male,4th,July,Number,54
Births,1999,Male,4th,August,Number,87
Births,1999,Male,4th,September,Number,53
Births,1999,Male,4th,October,Number,74
Births,1999,Male,4th,November,Number,75
Births,1999,Male,4th,December,Number,45
Births,1999,Male,5th,January,Number,99
Births,1999,Male,5th,February,Number,73
Births,1999,Male,5th,March,Number,77
Births,1999,Male,5th,April,Number,67
Births,1999,Male,5th,May,Number,80
Births,1999,Male,5th,June,Number,56
Births,1999,Male,5th,July,Number,74
Births,1999,Male,5th,August,Number,95
Births,1999,Male,5th,September,Number,53
Births,1999,Male,5th,October,Number,84
Births,1999,Male,5th,November,Number,74
Births,1999,Male,5th,December,Number,60
Births,1999,Male,6th,January,Number,81
Births,1999,Male,6th,February,Number,68
Births,1999,Male,6th,March,Number,63
Births,1999,Male,6th,April,Number,78
Births,1999,Male,6th,May,Number,114
Births,1999,Male,6th,June,Number,47
Births,1999,Male,6th,July,Number,77
Births,1999,Male,6th,August,Number,87
Births,1999,Male,6th,September,Number,78
Births,1999,Male,6th,October,Number,90
Births,1999,Male,6th,November,Number,59
Births,1999,Male,6th,December,Number,75
Births,1999,Male,7th,January,Number,84
Births,1999,Male,7th,February,Number,48
Births,1999,Male,7th,March,Number,57
Births,1999,Male,7th,April,Number,101
Births,1999,Male,7th,May,Number,93
Births,1999,Male,7th,June,Number,56
Births,1999,Male,7th,July,Number,90
Births,1999,Male,7th,August,Number,75
Births,1999,Male,7th,September,Number,104
Births,1999,Male,7th,October,Number,110
Births,1999,Male,7th,November,Number,43
Births,1999,Male,7th,December,Number,87
Births,1999,Male,8th,January,Number,72
Births,1999,Male,8th,February,Number,76
Births,1999,Male,8th,March,Number,72
Births,1999,Male,8th,April,Number,98
Births,1999,Male,8th,May,Number,67
Births,1999,Male,8th,June,Number,99
Births,1999,Male,8th,July,Number,80
Births,1999,Male,8th,August,Number,55
Births,1999,Male,8th,September,Number,93
Births,1999,Male,8th,October,Number,78
Births,1999,Male,8th,November,Number,77
Births,1999,Male,8th,December,Number,93
Births,1999,Male,9th,January,Number,67
Births,1999,Male,9th,February,Number,61
Births,1999,Male,9th,March,Number,92
Births,1999,Male,9th,April,Number,81
Births,1999,Male,9th,May,Number,65
Births,1999,Male,9th,June,Number,95
Births,1999,Male,9th,July,Number,95
Births,1999,Male,9th,August,Number,71
Births,1999,Male,9th,September,Number,75
Births,1999,Male,9th,October,Number,64
Births,1999,Male,9th,November,Number,77
Births,1999,Male,9th,December,Number,80
Births,1999,Male,10th,January,Number,57
Births,1999,Male,10th,February,Number,99
Births,1999,Male,10th,March,Number,80
Births,1999,Male,10th,April,Number,53
Births,1999,Male,10th,May,Number,66
Births,1999,Male,10th,June,Number,99
Births,1999,Male,10th,July,Number,61
Births,1999,Male,10th,August,Number,90
Births,1999,Male,10th,September,Number,81
Births,1999,Male,10th,October,Number,44
Births,1999,Male,10th,November,Number,69
Births,1999,Male,10th,December,Number,96
Births,1999,Male,11th,January,Number,70
Births,1999,Male,11th,February,Number,89
Births,1999,Male,11th,March,Number,95
Births,1999,Male,11th,April,Number,50
Births,1999,Male,11th,May,Number,97
Births,1999,Male,11th,June,Number,86
Births,1999,Male,11th,July,Number,55
Births,1999,Male,11th,August,Number,81
Births,1999,Male,11th,September,Number,56
Births,1999,Male,11th,October,Number,78
Births,1999,Male,11th,November,Number,85
Births,1999,Male,11th,December,Number,56
Births,1999,Male,12th,January,Number,72
Births,1999,Male,12th,February,Number,80
Births,1999,Male,12th,March,Number,90
Births,1999,Male,12th,April,Number,88
Births,1999,Male,12th,May,Number,99
Births,1999,Male,12th,June,Number,63
Births,1999,Male,12th,July,Number,74
Births,1999,Male,12th,August,Number,101
Births,1999,Male,12th,September,Number,45
Births,1999,Male,12th,October,Number,75
Births,1999,Male,12th,November,Number,74
Births,1999,Male,12th,December,Number,67
Births,1999,Male,13th,January,Number,78
Births,1999,Male,13th,February,Number,55
Births,1999,Male,13th,March,Number,49
Births,1999,Male,13th,April,Number,82
Births,1999,Male,13th,May,Number,95
Births,1999,Male,13th,June,Number,57
Births,1999,Male,13th,July,Number,82
Births,1999,Male,13th,August,Number,90
Births,1999,Male,13th,September,Number,65
Births,1999,Male,13th,October,Number,90
Births,1999,Male,13th,November,Number,58
Births,1999,Male,13th,December,Number,86
Births,1999,Male,14th,January,Number,91
Births,1999,Male,14th,February,Number,63
Births,1999,Male,14th,March,Number,61
Births,1999,Male,14th,April,Number,100
Births,1999,Male,14th,May,Number,85
Births,1999,Male,14th,June,Number,76
Births,1999,Male,14th,July,Number,84
Births,1999,Male,14th,August,Number,63
Births,1999,Male,14th,September,Number,91
Births,1999,Male,14th,October,Number,97
Births,1999,Male,14th,November,Number,63
Births,1999,Male,14th,December,Number,89
Births,1999,Male,15th,January,Number,87
Births,1999,Male,15th,February,Number,82
Births,1999,Male,15th,March,Number,100
Births,1999,Male,15th,April,Number,83
Births,1999,Male,15th,May,Number,64
Births,1999,Male,15th,June,Number,87
Births,1999,Male,15th,July,Number,95
Births,1999,Male,15th,August,Number,61
Births,1999,Male,15th,September,Number,87
Births,1999,Male,15th,October,Number,73
Births,1999,Male,15th,November,Number,79
Births,1999,Male,15th,December,Number,90
Births,1999,Male,16th,January,Number,69
Births,1999,Male,16th,February,Number,77
Births,1999,Male,16th,March,Number,91
Births,1999,Male,16th,April,Number,86
Births,1999,Male,16th,May,Number,51
Births,1999,Male,16th,June,Number,78
Births,1999,Male,16th,July,Number,65
Births,1999,Male,16th,August,Number,72
Births,1999,Male,16th,September,Number,91
Births,1999,Male,16th,October,Number,65
Births,1999,Male,16th,November,Number,76
Births,1999,Male,16th,December,Number,96
Births,1999,Male,17th,January,Number,56
Births,1999,Male,17th,February,Number,79
Births,1999,Male,17th,March,Number,45
Births,1999,Male,17th,April,Number,60
Births,1999,Male,17th,May,Number,66
Births,1999,Male,17th,June,Number,88
Births,1999,Male,17th,July,Number,59
Births,1999,Male,17th,August,Number,84
Births,1999,Male,17th,September,Number,80
Births,1999,Male,17th,October,Number,52
Births,1999,Male,17th,November,Number,79
Births,1999,Male,17th,December,Number,99
Births,1999,Male,18th,January,Number,73
Births,1999,Male,18th,February,Number,87
Births,1999,Male,18th,March,Number,85
Births,1999,Male,18th,April,Number,72
Births,1999,Male,18th,May,Number,89
Births,1999,Male,18th,June,Number,93
Births,1999,Male,18th,July,Number,59
Births,1999,Male,18th,August,Number,74
Births,1999,Male,18th,September,Number,61
Births,1999,Male,18th,October,Number,87
Births,1999,Male,18th,November,Number,81
Births,1999,Male,18th,December,Number,79
Births,1999,Male,19th,January,Number,78
Births,1999,Male,19th,February,Number,74
Births,1999,Male,19th,March,Number,72
Births,1999,Male,19th,April,Number,87
Births,1999,Male,19th,May,Number,93
Births,1999,Male,19th,June,Number,63
Births,1999,Male,19th,July,Number,86
Births,1999,Male,19th,August,Number,71
Births,1999,Male,19th,September,Number,58
Births,1999,Male,19th,October,Number,80
Births,1999,Male,19th,November,Number,73
Births,1999,Male,19th,December,Number,63
Births,1999,Male,20th,January,Number,87
Births,1999,Male,20th,February,Number,68
Births,1999,Male,20th,March,Number,62
Births,1999,Male,20th,April,Number,74
Births,1999,Male,20th,May,Number,100
Births,1999,Male,20th,June,Number,68
Births,1999,Male,20th,July,Number,92
Births,1999,Male,20th,August,Number,78
Births,1999,Male,20th,September,Number,90
Births,1999,Male,20th,October,Number,57
Births,1999,Male,20th,November,Number,57
Births,1999,Male,20th,December,Number,78
Births,1999,Male,21st,January,Number,84
Births,1999,Male,21st,February,Number,47
Births,1999,Male,21st,March,Number,52
Births,1999,Male,21st,April,Number,99
Births,1999,Male,21st,May,Number,68
Births,1999,Male,21st,June,Number,75
Births,1999,Male,21st,July,Number,98
Births,1999,Male,21st,August,Number,47
Births,1999,Male,21st,September,Number,91
Births,1999,Male,21st,October,Number,92
Births,1999,Male,21st,November,Number,50
Births,1999,Male,21st,December,Number,81
Births,1999,Male,22nd,January,Number,86
Births,1999,Male,22nd,February,Number,65
Births,1999,Male,22nd,March,Number,84
Births,1999,Male,22nd,April,Number,101
Births,1999,Male,22nd,May,Number,51
Births,1999,Male,22nd,June,Number,101
Births,1999,Male,22nd,July,Number,91
Births,1999,Male,22nd,August,Number,48
Births,1999,Male,22nd,September,Number,86
Births,1999,Male,22nd,October,Number,81
Births,1999,Male,22nd,November,Number,83
Births,1999,Male,22nd,December,Number,81
Births,1999,Male,23rd,January,Number,56
Births,1999,Male,23rd,February,Number,76
Births,1999,Male,23rd,March,Number,93
Births,1999,Male,23rd,April,Number,74
Births,1999,Male,23rd,May,Number,44
Births,1999,Male,23rd,June,Number,86
Births,1999,Male,23rd,July,Number,89
Births,1999,Male,23rd,August,Number,69
Births,1999,Male,23rd,September,Number,100
Births,1999,Male,23rd,October,Number,48
Births,1999,Male,23rd,November,Number,74
Births,1999,Male,23rd,December,Number,77
Births,1999,Male,24th,January,Number,53
Births,1999,Male,24th,February,Number,93
Births,1999,Male,24th,March,Number,98
Births,1999,Male,24th,April,Number,56
Births,1999,Male,24th,May,Number,85
Births,1999,Male,24th,June,Number,115
Births,1999,Male,24th,July,Number,58
Births,1999,Male,24th,August,Number,93
Births,1999,Male,24th,September,Number,95
Births,1999,Male,24th,October,Number,48
Births,1999,Male,24th,November,Number,79
Births,1999,Male,24th,December,Number,54
Births,1999,Male,25th,January,Number,84
Births,1999,Male,25th,February,Number,99
Births,1999,Male,25th,March,Number,89
Births,1999,Male,25th,April,Number,66
Births,1999,Male,25th,May,Number,82
Births,1999,Male,25th,June,Number,71
Births,1999,Male,25th,July,Number,57
Births,1999,Male,25th,August,Number,83
Births,1999,Male,25th,September,Number,62
Births,1999,Male,25th,October,Number,69
Births,1999,Male,25th,November,Number,84
Births,1999,Male,25th,December,Number,55
Births,1999,Male,26th,January,Number,80
Births,1999,Male,26th,February,Number,80
Births,1999,Male,26th,March,Number,82
Births,1999,Male,26th,April,Number,81
Births,1999,Male,26th,May,Number,83
Births,1999,Male,26th,June,Number,58
Births,1999,Male,26th,July,Number,68
Births,1999,Male,26th,August,Number,92
Births,1999,Male,26th,September,Number,69
Births,1999,Male,26th,October,Number,83
Births,1999,Male,26th,November,Number,79
Births,1999,Male,26th,December,Number,56
Births,1999,Male,27th,January,Number,84
Births,1999,Male,27th,February,Number,62
Births,1999,Male,27th,March,Number,63
Births,1999,Male,27th,April,Number,83
Births,1999,Male,27th,May,Number,88
Births,1999,Male,27th,June,Number,60
Births,1999,Male,27th,July,Number,90
Births,1999,Male,27th,August,Number,80
Births,1999,Male,27th,September,Number,77
Births,1999,Male,27th,October,Number,85
Births,1999,Male,27th,November,Number,66
Births,1999,Male,27th,December,Number,62
Births,1999,Male,28th,January,Number,77
Births,1999,Male,28th,February,Number,41
Births,1999,Male,28th,March,Number,57
Births,1999,Male,28th,April,Number,79
Births,1999,Male,28th,May,Number,87
Births,1999,Male,28th,June,Number,83
Births,1999,Male,28th,July,Number,76
Births,1999,Male,28th,August,Number,51
Births,1999,Male,28th,September,Number,85
Births,1999,Male,28th,October,Number,80
Births,1999,Male,28th,November,Number,57
Births,1999,Male,28th,December,Number,60
Births,1999,Male,29th,January,Number,99
Births,1999,Male,29th,February,Number,
Births,1999,Male,29th,March,Number,85
Births,1999,Male,29th,April,Number,106
Births,1999,Male,29th,May,Number,74
Births,1999,Male,29th,June,Number,97
Births,1999,Male,29th,July,Number,84
Births,1999,Male,29th,August,Number,62
Births,1999,Male,29th,September,Number,85
Births,1999,Male,29th,October,Number,96
Births,1999,Male,29th,November,Number,61
Births,1999,Male,29th,December,Number,82
Births,1999,Male,30th,January,Number,57
Births,1999,Male,30th,February,Number,
Births,1999,Male,30th,March,Number,84
Births,1999,Male,30th,April,Number,86
Births,1999,Male,30th,May,Number,53
Births,1999,Male,30th,June,Number,84
Births,1999,Male,30th,July,Number,77
Births,1999,Male,30th,August,Number,84
Births,1999,Male,30th,September,Number,103
Births,1999,Male,30th,October,Number,67
Births,1999,Male,30th,November,Number,71
Births,1999,Male,30th,December,Number,101
Births,1999,Male,31st,January,Number,66
Births,1999,Male,31st,February,Number,
Births,1999,Male,31st,March,Number,88
Births,1999,Male,31st,April,Number,
Births,1999,Male,31st,May,Number,75
Births,1999,Male,31st,June,Number,
Births,1999,Male,31st,July,Number,65
Births,1999,Male,31st,August,Number,63
Births,1999,Male,31st,September,Number,
Births,1999,Male,31st,October,Number,54
Births,1999,Male,31st,November,Number,
Births,1999,Male,31st,December,Number,78
Births,1999,Female,Total,January,Number,
Births,1999,Female,Total,February,Number,
Births,1999,Female,Total,March,Number,
Births,1999,Female,Total,April,Number,
Births,1999,Female,Total,May,Number,
Births,1999,Female,Total,June,Number,
Births,1999,Female,Total,July,Number,
Births,1999,Female,Total,August,Number,
Births,1999,Female,Total,September,Number,
Births,1999,Female,Total,October,Number,
Births,1999,Female,Total,November,Number,
Births,1999,Female,Total,December,Number,
Births,1999,Female,1st,January,Number,62
Births,1999,Female,1st,February,Number,78
Births,1999,Female,1st,March,Number,71
Births,1999,Female,1st,April,Number,79
Births,1999,Female,1st,May,Number,67
Births,1999,Female,1st,June,Number,83
Births,1999,Female,1st,July,Number,69
Births,1999,Female,1st,August,Number,62
Births,1999,Female,1st,September,Number,90
Births,1999,Female,1st,October,Number,86
Births,1999,Female,1st,November,Number,69
Births,1999,Female,1st,December,Number,70
Births,1999,Female,2nd,January,Number,58
Births,1999,Female,2nd,February,Number,94
Births,1999,Female,2nd,March,Number,63
Births,1999,Female,2nd,April,Number,87
Births,1999,Female,2nd,May,Number,60
Births,1999,Female,2nd,June,Number,78
Births,1999,Female,2nd,July,Number,83
Births,1999,Female,2nd,August,Number,62
Births,1999,Female,2nd,September,Number,84
Births,1999,Female,2nd,October,Number,87
Births,1999,Female,2nd,November,Number,55
Births,1999,Female,2nd,December,Number,84
Births,1999,Female,3rd,January,Number,56
Births,1999,Female,3rd,February,Number,93
Births,1999,Female,3rd,March,Number,64
Births,1999,Female,3rd,April,Number,43
Births,1999,Female,3rd,May,Number,59
Births,1999,Female,3rd,June,Number,84
Births,1999,Female,3rd,July,Number,49
Births,1999,Female,3rd,August,Number,64
Births,1999,Female,3rd,September,Number,90
Births,1999,Female,3rd,October,Number,55
Births,1999,Female,3rd,November,Number,95
Births,1999,Female,3rd,December,Number,88
Births,1999,Female,4th,January,Number,79
Births,1999,Female,4th,February,Number,67
Births,1999,Female,4th,March,Number,84
Births,1999,Female,4th,April,Number,54
Births,1999,Female,4th,May,Number,75
Births,1999,Female,4th,June,Number,69
Births,1999,Female,4th,July,Number,51
Births,1999,Female,4th,August,Number,92
Births,1999,Female,4th,September,Number,49
Births,1999,Female,4th,October,Number,70
Births,1999,Female,4th,November,Number,97
Births,1999,Female,4th,December,Number,66
Births,1999,Female,5th,January,Number,78
Births,1999,Female,5th,February,Number,69
Births,1999,Female,5th,March,Number,70
Births,1999,Female,5th,April,Number,55
Births,1999,Female,5th,May,Number,87
Births,1999,Female,5th,June,Number,58
Births,1999,Female,5th,July,Number,78
Births,1999,Female,5th,August,Number,91
Births,1999,Female,5th,September,Number,59
Births,1999,Female,5th,October,Number,82
Births,1999,Female,5th,November,Number,78
Births,1999,Female,5th,December,Number,49
Births,1999,Female,6th,January,Number,80
Births,1999,Female,6th,February,Number,55
Births,1999,Female,6th,March,Number,56
Births,1999,Female,6th,April,Number,56
Births,1999,Female,6th,May,Number,92
Births,1999,Female,6th,June,Number,61
Births,1999,Female,6th,July,Number,77
Births,1999,Female,6th,August,Number,73
Births,1999,Female,6th,September,Number,88
Births,1999,Female,6th,October,Number,81
Births,1999,Female,6th,November,Number,49
Births,1999,Female,6th,December,Number,71
Births,1999,Female,7th,January,Number,70
Births,1999,Female,7th,February,Number,50
Births,1999,Female,7th,March,Number,51
Births,1999,Female,7th,April,Number,85
Births,1999,Female,7th,May,Number,86
Births,1999,Female,7th,June,Number,51
Births,1999,Female,7th,July,Number,78
Births,1999,Female,7th,August,Number,55
Births,1999,Female,7th,September,Number,79
Births,1999,Female,7th,October,Number,83
Births,1999,Female,7th,November,Number,46
Births,1999,Female,7th,December,Number,86
Births,1999,Female,8th,January,Number,82
Births,1999,Female,8th,February,Number,74
Births,1999,Female,8th,March,Number,78
Births,1999,Female,8th,April,Number,95
Births,1999,Female,8th,May,Number,58
Births,1999,Female,8th,June,Number,69
Births,1999,Female,8th,July,Number,87
Births,1999,Female,8th,August,Number,47
Births,1999,Female,8th,September,Number,85
Births,1999,Female,8th,October,Number,74
Births,1999,Female,8th,November,Number,82
Births,1999,Female,8th,December,Number,73
Births,1999,Female,9th,January,Number,72
Births,1999,Female,9th,February,Number,74
Births,1999,Female,9th,March,Number,78
Births,1999,Female,9th,April,Number,66
Births,1999,Female,9th,May,Number,58
Births,1999,Female,9th,June,Number,96
Births,1999,Female,9th,July,Number,84
Births,1999,Female,9th,August,Number,62
Births,1999,Female,9th,September,Number,75
Births,1999,Female,9th,October,Number,64
Births,1999,Female,9th,November,Number,68
Births,1999,Female,9th,December,Number,85
Births,1999,Female,10th,January,Number,44
Births,1999,Female,10th,February,Number,73
Births,1999,Female,10th,March,Number,71
Births,1999,Female,10th,April,Number,63
Births,1999,Female,10th,May,Number,77
Births,1999,Female,10th,June,Number,87
Births,1999,Female,10th,July,Number,51
Births,1999,Female,10th,August,Number,73
Births,1999,Female,10th,September,Number,61
Births,1999,Female,10th,October,Number,56
Births,1999,Female,10th,November,Number,82
Births,1999,Female,10th,December,Number,77
Births,1999,Female,11th,January,Number,74
Births,1999,Female,11th,February,Number,92
Births,1999,Female,11th,March,Number,78
Births,1999,Female,11th,April,Number,44
Births,1999,Female,11th,May,Number,75
Births,1999,Female,11th,June,Number,79
Births,1999,Female,11th,July,Number,44
Births,1999,Female,11th,August,Number,78
Births,1999,Female,11th,September,Number,44
Births,1999,Female,11th,October,Number,68
Births,1999,Female,11th,November,Number,87
Births,1999,Female,11th,December,Number,62
Births,1999,Female,12th,January,Number,71
Births,1999,Female,12th,February,Number,73
Births,1999,Female,12th,March,Number,94
Births,1999,Female,12th,April,Number,56
Births,1999,Female,12th,May,Number,79
Births,1999,Female,12th,June,Number,74
Births,1999,Female,12th,July,Number,72
Births,1999,Female,12th,August,Number,82
Births,1999,Female,12th,September,Number,54
Births,1999,Female,12th,October,Number,64
Births,1999,Female,12th,November,Number,73
Births,1999,Female,12th,December,Number,53
Births,1999,Female,13th,January,Number,79
Births,1999,Female,13th,February,Number,53
Births,1999,Female,13th,March,Number,53
Births,1999,Female,13th,April,Number,87
Births,1999,Female,13th,May,Number,79
Births,1999,Female,13th,June,Number,62
Births,1999,Female,13th,July,Number,95
Births,1999,Female,13th,August,Number,74
Births,1999,Female,13th,September,Number,72
Births,1999,Female,13th,October,Number,82
Births,1999,Female,13th,November,Number,54
Births,1999,Female,13th,December,Number,78
Births,1999,Female,14th,January,Number,86
Births,1999,Female,14th,February,Number,54
Births,1999,Female,14th,March,Number,49
Births,1999,Female,14th,April,Number,76
Births,1999,Female,14th,May,Number,82
Births,1999,Female,14th,June,Number,67
Births,1999,Female,14th,July,Number,84
Births,1999,Female,14th,August,Number,63
Births,1999,Female,14th,September,Number,78
Births,1999,Female,14th,October,Number,89
Births,1999,Female,14th,November,Number,55
Births,1999,Female,14th,December,Number,84
Births,1999,Female,15th,January,Number,86
Births,1999,Female,15th,February,Number,72
Births,1999,Female,15th,March,Number,71
Births,1999,Female,15th,April,Number,89
Births,1999,Female,15th,May,Number,53
Births,1999,Female,15th,June,Number,75
Births,1999,Female,15th,July,Number,90
Births,1999,Female,15th,August,Number,44
Births,1999,Female,15th,September,Number,93
Births,1999,Female,15th,October,Number,67
Births,1999,Female,15th,November,Number,73
Births,1999,Female,15th,December,Number,76
Births,1999,Female,16th,January,Number,63
Births,1999,Female,16th,February,Number,80
Births,1999,Female,16th,March,Number,104
Births,1999,Female,16th,April,Number,60
Births,1999,Female,16th,May,Number,58
Births,1999,Female,16th,June,Number,98
Births,1999,Female,16th,July,Number,79
Births,1999,Female,16th,August,Number,90
Births,1999,Female,16th,September,Number,99
Births,1999,Female,16th,October,Number,55
Births,1999,Female,16th,November,Number,83
Births,1999,Female,16th,December,Number,73
Births,1999,Female,17th,January,Number,42
Births,1999,Female,17th,February,Number,87
Births,1999,Female,17th,March,Number,64
Births,1999,Female,17th,April,Number,65
Births,1999,Female,17th,May,Number,69
Births,1999,Female,17th,June,Number,71
Births,1999,Female,17th,July,Number,79
Births,1999,Female,17th,August,Number,74
Births,1999,Female,17th,September,Number,64
Births,1999,Female,17th,October,Number,56
Births,1999,Female,17th,November,Number,69
Births,1999,Female,17th,December,Number,78
Births,1999,Female,18th,January,Number,67
Births,1999,Female,18th,February,Number,86
Births,1999,Female,18th,March,Number,86
Births,1999,Female,18th,April,Number,50
Births,1999,Female,18th,May,Number,86
Births,1999,Female,18th,June,Number,85
Births,1999,Female,18th,July,Number,37
Births,1999,Female,18th,August,Number,89
Births,1999,Female,18th,September,Number,55
Births,1999,Female,18th,October,Number,69
Births,1999,Female,18th,November,Number,83
Births,1999,Female,18th,December,Number,54
Births,1999,Female,19th,January,Number,66
Births,1999,Female,19th,February,Number,82
Births,1999,Female,19th,March,Number,73
Births,1999,Female,19th,April,Number,77
Births,1999,Female,19th,May,Number,88
Births,1999,Female,19th,June,Number,55
Births,1999,Female,19th,July,Number,72
Births,1999,Female,19th,August,Number,78
Births,1999,Female,19th,September,Number,42
Births,1999,Female,19th,October,Number,61
Births,1999,Female,19th,November,Number,70
Births,1999,Female,19th,December,Number,52
Births,1999,Female,20th,January,Number,83
Births,1999,Female,20th,February,Number,52
Births,1999,Female,20th,March,Number,56
Births,1999,Female,20th,April,Number,98
Births,1999,Female,20th,May,Number,70
Births,1999,Female,20th,June,Number,50
Births,1999,Female,20th,July,Number,86
Births,1999,Female,20th,August,Number,90
Births,1999,Female,20th,September,Number,82
Births,1999,Female,20th,October,Number,66
Births,1999,Female,20th,November,Number,76
Births,1999,Female,20th,December,Number,78
Births,1999,Female,21st,January,Number,91
Births,1999,Female,21st,February,Number,44
Births,1999,Female,21st,March,Number,50
Births,1999,Female,21st,April,Number,99
Births,1999,Female,21st,May,Number,71
Births,1999,Female,21st,June,Number,86
Births,1999,Female,21st,July,Number,65
Births,1999,Female,21st,August,Number,64
Births,1999,Female,21st,September,Number,94
Births,1999,Female,21st,October,Number,77
Births,1999,Female,21st,November,Number,61
Births,1999,Female,21st,December,Number,94
Births,1999,Female,22nd,January,Number,66
Births,1999,Female,22nd,February,Number,62
Births,1999,Female,22nd,March,Number,62
Births,1999,Female,22nd,April,Number,91
Births,1999,Female,22nd,May,Number,61
Births,1999,Female,22nd,June,Number,100
Births,1999,Female,22nd,July,Number,82
Births,1999,Female,22nd,August,Number,54
Births,1999,Female,22nd,September,Number,91
Births,1999,Female,22nd,October,Number,94
Births,1999,Female,22nd,November,Number,59
Births,1999,Female,22nd,December,Number,74
Births,1999,Female,23rd,January,Number,51
Births,1999,Female,23rd,February,Number,88
Births,1999,Female,23rd,March,Number,74
Births,1999,Female,23rd,April,Number,85
Births,1999,Female,23rd,May,Number,40
Births,1999,Female,23rd,June,Number,95
Births,1999,Female,23rd,July,Number,75
Births,1999,Female,23rd,August,Number,59
Births,1999,Female,23rd,September,Number,100
Births,1999,Female,23rd,October,Number,59
Births,1999,Female,23rd,November,Number,74
Births,1999,Female,23rd,December,Number,76
Births,1999,Female,24th,January,Number,48
Births,1999,Female,24th,February,Number,81
Births,1999,Female,24th,March,Number,69
Births,1999,Female,24th,April,Number,52
Births,1999,Female,24th,May,Number,57
Births,1999,Female,24th,June,Number,81
Births,1999,Female,24th,July,Number,58
Births,1999,Female,24th,August,Number,91
Births,1999,Female,24th,September,Number,68
Births,1999,Female,24th,October,Number,56
Births,1999,Female,24th,November,Number,79
Births,1999,Female,24th,December,Number,49
Births,1999,Female,25th,January,Number,81
Births,1999,Female,25th,February,Number,91
Births,1999,Female,25th,March,Number,78
Births,1999,Female,25th,April,Number,45
Births,1999,Female,25th,May,Number,82
Births,1999,Female,25th,June,Number,86
Births,1999,Female,25th,July,Number,56
Births,1999,Female,25th,August,Number,87
Births,1999,Female,25th,September,Number,62
Births,1999,Female,25th,October,Number,46
Births,1999,Female,25th,November,Number,93
Births,1999,Female,25th,December,Number,56
Births,1999,Female,26th,January,Number,76
Births,1999,Female,26th,February,Number,67
Births,1999,Female,26th,March,Number,79
Births,1999,Female,26th,April,Number,76
Births,1999,Female,26th,May,Number,89
Births,1999,Female,26th,June,Number,64
Births,1999,Female,26th,July,Number,83
Births,1999,Female,26th,August,Number,89
Births,1999,Female,26th,September,Number,53
Births,1999,Female,26th,October,Number,63
Births,1999,Female,26th,November,Number,78
Births,1999,Female,26th,December,Number,54
Births,1999,Female,27th,January,Number,76
Births,1999,Female,27th,February,Number,57
Births,1999,Female,27th,March,Number,58
Births,1999,Female,27th,April,Number,82
Births,1999,Female,27th,May,Number,80
Births,1999,Female,27th,June,Number,57
Births,1999,Female,27th,July,Number,64
Births,1999,Female,27th,August,Number,68
Births,1999,Female,27th,September,Number,80
Births,1999,Female,27th,October,Number,71
Births,1999,Female,27th,November,Number,49
Births,1999,Female,27th,December,Number,56
Births,1999,Female,28th,January,Number,79
Births,1999,Female,28th,February,Number,70
Births,1999,Female,28th,March,Number,42
Births,1999,Female,28th,April,Number,74
Births,1999,Female,28th,May,Number,93
Births,1999,Female,28th,June,Number,83
Births,1999,Female,28th,July,Number,90
Births,1999,Female,28th,August,Number,47
Births,1999,Female,28th,September,Number,98
Births,1999,Female,28th,October,Number,76
Births,1999,Female,28th,November,Number,51
Births,1999,Female,28th,December,Number,70
Births,1999,Female,29th,January,Number,77
Births,1999,Female,29th,February,Number,
Births,1999,Female,29th,March,Number,61
Births,1999,Female,29th,April,Number,84
Births,1999,Female,29th,May,Number,55
Births,1999,Female,29th,June,Number,65
Births,1999,Female,29th,July,Number,91
Births,1999,Female,29th,August,Number,52
Births,1999,Female,29th,September,Number,87
Births,1999,Female,29th,October,Number,56
Births,1999,Female,29th,November,Number,59
Births,1999,Female,29th,December,Number,74
Births,1999,Female,30th,January,Number,52
Births,1999,Female,30th,February,Number,
Births,1999,Female,30th,March,Number,84
Births,1999,Female,30th,April,Number,75
Births,1999,Female,30th,May,Number,42
Births,1999,Female,30th,June,Number,81
Births,1999,Female,30th,July,Number,87
Births,1999,Female,30th,August,Number,73
Births,1999,Female,30th,September,Number,90
Births,1999,Female,30th,October,Number,60
Births,1999,Female,30th,November,Number,85
Births,1999,Female,30th,December,Number,87
Births,1999,Female,31st,January,Number,51
Births,1999,Female,31st,February,Number,
Births,1999,Female,31st,March,Number,78
Births,1999,Female,31st,April,Number,
Births,1999,Female,31st,May,Number,73
Births,1999,Female,31st,June,Number,
Births,1999,Female,31st,July,Number,51
Births,1999,Female,31st,August,Number,73
Births,1999,Female,31st,September,Number,
Births,1999,Female,31st,October,Number,54
Births,1999,Female,31st,November,Number,
Births,1999,Female,31st,December,Number,96
Rank,1999,Both sexes,Total,January,Number,9
Rank,1999,Both sexes,Total,February,Number,12
Rank,1999,Both sexes,Total,March,Number,6
Rank,1999,Both sexes,Total,April,Number,7
Rank,1999,Both sexes,Total,May,Number,5
Rank,1999,Both sexes,Total,June,Number,1
Rank,1999,Both sexes,Total,July,Number,2
Rank,1999,Both sexes,Total,August,Number,8
Rank,1999,Both sexes,Total,September,Number,3
Rank,1999,Both sexes,Total,October,Number,10
Rank,1999,Both sexes,Total,November,Number,11
Rank,1999,Both sexes,Total,December,Number,4
Rank,1999,Both sexes,1st,January,Number,284
Rank,1999,Both sexes,1st,February,Number,189
Rank,1999,Both sexes,1st,March,Number,155
Rank,1999,Both sexes,1st,April,Number,155
Rank,1999,Both sexes,1st,May,Number,257
Rank,1999,Both sexes,1st,June,Number,81
Rank,1999,Both sexes,1st,July,Number,146
Rank,1999,Both sexes,1st,August,Number,276
Rank,1999,Both sexes,1st,September,Number,52
Rank,1999,Both sexes,1st,October,Number,94
Rank,1999,Both sexes,1st,November,Number,146
Rank,1999,Both sexes,1st,December,Number,116
Rank,1999,Both sexes,2nd,January,Number,284
Rank,1999,Both sexes,2nd,February,Number,131
Rank,1999,Both sexes,2nd,March,Number,180
Rank,1999,Both sexes,2nd,April,Number,146
Rank,1999,Both sexes,2nd,May,Number,276
Rank,1999,Both sexes,2nd,June,Number,94
Rank,1999,Both sexes,2nd,July,Number,70
Rank,1999,Both sexes,2nd,August,Number,322
Rank,1999,Both sexes,2nd,September,Number,122
Rank,1999,Both sexes,2nd,October,Number,189
Rank,1999,Both sexes,2nd,November,Number,204
Rank,1999,Both sexes,2nd,December,Number,143
Rank,1999,Both sexes,3rd,January,Number,257
Rank,1999,Both sexes,3rd,February,Number,42
Rank,1999,Both sexes,3rd,March,Number,146
Rank,1999,Both sexes,3rd,April,Number,347
Rank,1999,Both sexes,3rd,May,Number,271
Rank,1999,Both sexes,3rd,June,Number,25
Rank,1999,Both sexes,3rd,July,Number,284
Rank,1999,Both sexes,3rd,August,Number,254
Rank,1999,Both sexes,3rd,September,Number,61
Rank,1999,Both sexes,3rd,October,Number,279
Rank,1999,Both sexes,3rd,November,Number,15
Rank,1999,Both sexes,3rd,December,Number,89
Rank,1999,Both sexes,4th,January,Number,209
Rank,1999,Both sexes,4th,February,Number,177
Rank,1999,Both sexes,4th,March,Number,61
Rank,1999,Both sexes,4th,April,Number,353
Rank,1999,Both sexes,4th,May,Number,167
Rank,1999,Both sexes,4th,June,Number,177
Rank,1999,Both sexes,4th,July,Number,338
Rank,1999,Both sexes,4th,August,Number,35
Rank,1999,Both sexes,4th,September,Number,342
Rank,1999,Both sexes,4th,October,Number,223
Rank,1999,Both sexes,4th,November,Number,70
Rank,1999,Both sexes,4th,December,Number,314
Rank,1999,Both sexes,5th,January,Number,42
Rank,1999,Both sexes,5th,February,Number,233
Rank,1999,Both sexes,5th,March,Number,209
Rank,1999,Both sexes,5th,April,Number,271
Rank,1999,Both sexes,5th,May,Number,102
Rank,1999,Both sexes,5th,June,Number,307
Rank,1999,Both sexes,5th,July,Number,189
Rank,1999,Both sexes,5th,August,Number,17
Rank,1999,Both sexes,5th,September,Number,310
Rank,1999,Both sexes,5th,October,Number,108
Rank,1999,Both sexes,5th,November,Number,189
Rank,1999,Both sexes,5th,December,Number,322
Rank,1999,Both sexes,6th,January,Number,139
Rank,1999,Both sexes,6th,February,Number,268
Rank,1999,Both sexes,6th,March,Number,284
Rank,1999,Both sexes,6th,April,Number,249
Rank,1999,Both sexes,6th,May,Number,1
Rank,1999,Both sexes,6th,June,Number,327
Rank,1999,Both sexes,6th,July,Number,180
Rank,1999,Both sexes,6th,August,Number,143
Rank,1999,Both sexes,6th,September,Number,108
Rank,1999,Both sexes,6th,October,Number,81
Rank,1999,Both sexes,6th,November,Number,327
Rank,1999,Both sexes,6th,December,Number,214
Rank,1999,Both sexes,7th,January,Number,180
Rank,1999,Both sexes,7th,February,Number,357
Rank,1999,Both sexes,7th,March,Number,327
Rank,1999,Both sexes,7th,April,Number,17
Rank,1999,Both sexes,7th,May,Number,35
Rank,1999,Both sexes,7th,June,Number,335
Rank,1999,Both sexes,7th,July,Number,94
Rank,1999,Both sexes,7th,August,Number,254
Rank,1999,Both sexes,7th,September,Number,25
Rank,1999,Both sexes,7th,October,Number,7
Rank,1999,Both sexes,7th,November,Number,364
Rank,1999,Both sexes,7th,December,Number,61
Rank,1999,Both sexes,8th,January,Number,180
Rank,1999,Both sexes,8th,February,Number,200
Rank,1999,Both sexes,8th,March,Number,200
Rank,1999,Both sexes,8th,April,Number,7
Rank,1999,Both sexes,8th,May,Number,265
Rank,1999,Both sexes,8th,June,Number,94
Rank,1999,Both sexes,8th,July,Number,102
Rank,1999,Both sexes,8th,August,Number,342
Rank,1999,Both sexes,8th,September,Number,38
Rank,1999,Both sexes,8th,October,Number,189
Rank,1999,Both sexes,8th,November,Number,146
Rank,1999,Both sexes,8th,December,Number,108
Rank,1999,Both sexes,9th,January,Number,240
Rank,1999,Both sexes,9th,February,Number,247
Rank,1999,Both sexes,9th,March,Number,85
Rank,1999,Both sexes,9th,April,Number,209
Rank,1999,Both sexes,9th,May,Number,268
Rank,1999,Both sexes,9th,June,Number,11
Rank,1999,Both sexes,9th,July,Number,35
Rank,1999,Both sexes,9th,August,Number,250
Rank,1999,Both sexes,9th,September,Number,200
Rank,1999,Both sexes,9th,October,Number,260
Rank,1999,Both sexes,9th,November,Number,221
Rank,1999,Both sexes,9th,December,Number,116
Rank,1999,Both sexes,10th,January,Number,347
Rank,1999,Both sexes,10th,February,Number,70
Rank,1999,Both sexes,10th,March,Number,197
Rank,1999,Both sexes,10th,April,Number,300
Rank,1999,Both sexes,10th,May,Number,229
Rank,1999,Both sexes,10th,June,Number,17
Rank,1999,Both sexes,10th,July,Number,310
Rank,1999,Both sexes,10th,August,Number,131
Rank,1999,Both sexes,10th,September,Number,233
Rank,1999,Both sexes,10th,October,Number,350
Rank,1999,Both sexes,10th,November,Number,197
Rank,1999,Both sexes,10th,December,Number,61
Rank,1999,Both sexes,11th,January,Number,223
Rank,1999,Both sexes,11th,February,Number,29
Rank,1999,Both sexes,11th,March,Number,61
Rank,1999,Both sexes,11th,April,Number,362
Rank,1999,Both sexes,11th,May,Number,70
Rank,1999,Both sexes,11th,June,Number,116
Rank,1999,Both sexes,11th,July,Number,353
Rank,1999,Both sexes,11th,August,Number,146
Rank,1999,Both sexes,11th,September,Number,350
Rank,1999,Both sexes,11th,October,Number,214
Rank,1999,Both sexes,11th,November,Number,70
Rank,1999,Both sexes,11th,December,Number,290
Rank,1999,Both sexes,12th,January,Number,229
Rank,1999,Both sexes,12th,February,Number,186
Rank,1999,Both sexes,12th,March,Number,23
Rank,1999,Both sexes,12th,April,Number,223
Rank,1999,Both sexes,12th,May,Number,38
Rank,1999,Both sexes,12th,June,Number,244
Rank,1999,Both sexes,12th,July,Number,214
Rank,1999,Both sexes,12th,August,Number,25
Rank,1999,Both sexes,12th,September,Number,353
Rank,1999,Both sexes,12th,October,Number,240
Rank,1999,Both sexes,12th,November,Number,209
Rank,1999,Both sexes,12th,December,Number,279
Rank,1999,Both sexes,13th,January,Number,160
Rank,1999,Both sexes,13th,February,Number,327
Rank,1999,Both sexes,13th,March,Number,342
Rank,1999,Both sexes,13th,April,Number,89
Rank,1999,Both sexes,13th,May,Number,58
Rank,1999,Both sexes,13th,June,Number,284
Rank,1999,Both sexes,13th,July,Number,42
Rank,1999,Both sexes,13th,August,Number,122
Rank,1999,Both sexes,13th,September,Number,244
Rank,1999,Both sexes,13th,October,Number,70
Rank,1999,Both sexes,13th,November,Number,310
Rank,1999,Both sexes,13th,December,Number,122
Rank,1999,Both sexes,14th,January,Number,42
Rank,1999,Both sexes,14th,February,Number,296
Rank,1999,Both sexes,14th,March,Number,320
Rank,1999,Both sexes,14th,April,Number,49
Rank,1999,Both sexes,14th,May,Number,102
Rank,1999,Both sexes,14th,June,Number,229
Rank,1999,Both sexes,14th,July,Number,94
Rank,1999,Both sexes,14th,August,Number,264
Rank,1999,Both sexes,14th,September,Number,89
Rank,1999,Both sexes,14th,October,Number,17
Rank,1999,Both sexes,14th,November,Number,290
Rank,1999,Both sexes,14th,December,Number,61
Rank,1999,Both sexes,15th,January,Number,61
Rank,1999,Both sexes,15th,February,Number,180
Rank,1999,Both sexes,15th,March,Number,81
Rank,1999,Both sexes,15th,April,Number,70
Rank,1999,Both sexes,15th,May,Number,296
Rank,1999,Both sexes,15th,June,Number,136
Rank,1999,Both sexes,15th,July,Number,21
Rank,1999,Both sexes,15th,August,Number,338
Rank,1999,Both sexes,15th,September,Number,33
Rank,1999,Both sexes,15th,October,Number,238
Rank,1999,Both sexes,15th,November,Number,189
Rank,1999,Both sexes,15th,December,Number,108
Rank,1999,Both sexes,16th,January,Number,253
Rank,1999,Both sexes,16th,February,Number,160
Rank,1999,Both sexes,16th,March,Number,6
Rank,1999,Both sexes,16th,April,Number,214
Rank,1999,Both sexes,16th,May,Number,322
Rank,1999,Both sexes,16th,June,Number,49
Rank,1999,Both sexes,16th,July,Number,223
Rank,1999,Both sexes,16th,August,Number,136
Rank,1999,Both sexes,16th,September,Number,12
Rank,1999,Both sexes,16th,October,Number,279
Rank,1999,Both sexes,16th,November,Number,146
Rank,1999,Both sexes,16th,December,Number,89
Rank,1999,Both sexes,17th,January,Number,357
Rank,1999,Both sexes,17th,February,Number,108
Rank,1999,Both sexes,17th,March,Number,322
Rank,1999,Both sexes,17th,April,Number,265
Rank,1999,Both sexes,17th,May,Number,247
Rank,1999,Both sexes,17th,June,Number,146
Rank,1999,Both sexes,17th,July,Number,243
Rank,1999,Both sexes,17th,August,Number,155
Rank,1999,Both sexes,17th,September,Number,223
Rank,1999,Both sexes,17th,October,Number,327
Rank,1999,Both sexes,17th,November,Number,204
Rank,1999,Both sexes,17th,December,Number,42
Rank,1999,Both sexes,18th,January,Number,238
Rank,1999,Both sexes,18th,February,Number,61
Rank,1999,Both sexes,18th,March,Number,81
Rank,1999,Both sexes,18th,April,Number,271
Rank,1999,Both sexes,18th,May,Number,52
Rank,1999,Both sexes,18th,June,Number,38
Rank,1999,Both sexes,18th,July,Number,360
Rank,1999,Both sexes,18th,August,Number,131
Rank,1999,Both sexes,18th,September,Number,300
Rank,1999,Both sexes,18th,October,Number,167
Rank,1999,Both sexes,18th,November,Number,122
Rank,1999,Both sexes,18th,December,Number,250
Rank,1999,Both sexes,19th,January,Number,223
Rank,1999,Both sexes,19th,February,Number,167
Rank,1999,Both sexes,19th,March,Number,221
Rank,1999,Both sexes,19th,April,Number,122
Rank,1999,Both sexes,19th,May,Number,29
Rank,1999,Both sexes,19th,June,Number,290
Rank,1999,Both sexes,19th,July,Number,155
Rank,1999,Both sexes,19th,August,Number,203
Rank,1999,Both sexes,19th,September,Number,350
Rank,1999,Both sexes,19th,October,Number,237
Rank,1999,Both sexes,19th,November,Number,229
Rank,1999,Both sexes,19th,December,Number,304
Rank,1999,Both sexes,20th,January,Number,85
Rank,1999,Both sexes,20th,February,Number,279
Rank,1999,Both sexes,20th,March,Number,290
Rank,1999,Both sexes,20th,April,Number,70
Rank,1999,Both sexes,20th,May,Number,85
Rank,1999,Both sexes,20th,June,Number,290
Rank,1999,Both sexes,20th,July,Number,38
Rank,1999,Both sexes,20th,August,Number,94
Rank,1999,Both sexes,20th,September,Number,70
Rank,1999,Both sexes,20th,October,Number,268
Rank,1999,Both sexes,20th,November,Number,250
Rank,1999,Both sexes,20th,December,Number,167
Rank,1999,Both sexes,21st,January,Number,52
Rank,1999,Both sexes,21st,February,Number,363
Rank,1999,Both sexes,21st,March,Number,342
Rank,1999,Both sexes,21st,April,Number,4
Rank,1999,Both sexes,21st,May,Number,240
Rank,1999,Both sexes,21st,June,Number,139
Rank,1999,Both sexes,21st,July,Number,131
Rank,1999,Both sexes,21st,August,Number,314
Rank,1999,Both sexes,21st,September,Number,21
Rank,1999,Both sexes,21st,October,Number,89
Rank,1999,Both sexes,21st,November,Number,314
Rank,1999,Both sexes,21st,December,Number,52
Rank,1999,Both sexes,22nd,January,Number,189
Rank,1999,Both sexes,22nd,February,Number,262
Rank,1999,Both sexes,22nd,March,Number,214
Rank,1999,Both sexes,22nd,April,Number,10
Rank,1999,Both sexes,22nd,May,Number,310
Rank,1999,Both sexes,22nd,June,Number,2
Rank,1999,Both sexes,22nd,July,Number,61
Rank,1999,Both sexes,22nd,August,Number,342
Rank,1999,Both sexes,22nd,September,Number,42
Rank,1999,Both sexes,22nd,October,Number,52
Rank,1999,Both sexes,22nd,November,Number,233
Rank,1999,Both sexes,22nd,December,Number,177
Rank,1999,Both sexes,23rd,January,Number,335
Rank,1999,Both sexes,23rd,February,Number,122
Rank,1999,Both sexes,23rd,March,Number,102
Rank,1999,Both sexes,23rd,April,Number,146
Rank,1999,Both sexes,23rd,May,Number,365
Rank,1999,Both sexes,23rd,June,Number,29
Rank,1999,Both sexes,23rd,July,Number,122
Rank,1999,Both sexes,23rd,August,Number,260
Rank,1999,Both sexes,23rd,September,Number,3
Rank,1999,Both sexes,23rd,October,Number,335
Rank,1999,Both sexes,23rd,November,Number,204
Rank,1999,Both sexes,23rd,December,Number,186
Rank,1999,Both sexes,24th,January,Number,347
Rank,1999,Both sexes,24th,February,Number,58
Rank,1999,Both sexes,24th,March,Number,102
Rank,1999,Both sexes,24th,April,Number,327
Rank,1999,Both sexes,24th,May,Number,233
Rank,1999,Both sexes,24th,June,Number,5
Rank,1999,Both sexes,24th,July,Number,300
Rank,1999,Both sexes,24th,August,Number,23
Rank,1999,Both sexes,24th,September,Number,131
Rank,1999,Both sexes,24th,October,Number,340
Rank,1999,Both sexes,24th,November,Number,155
Rank,1999,Both sexes,24th,December,Number,341
Rank,1999,Both sexes,25th,January,Number,116
Rank,1999,Both sexes,25th,February,Number,12
Rank,1999,Both sexes,25th,March,Number,102
Rank,1999,Both sexes,25th,April,Number,314
Rank,1999,Both sexes,25th,May,Number,122
Rank,1999,Both sexes,25th,June,Number,160
Rank,1999,Both sexes,25th,July,Number,309
Rank,1999,Both sexes,25th,August,Number,85
Rank,1999,Both sexes,25th,September,Number,267
Rank,1999,Both sexes,25th,October,Number,304
Rank,1999,Both sexes,25th,November,Number,42
Rank,1999,Both sexes,25th,December,Number,314
Rank,1999,Both sexes,26th,January,Number,167
Rank,1999,Both sexes,26th,February,Number,209
Rank,1999,Both sexes,26th,March,Number,139
Rank,1999,Both sexes,26th,April,Number,160
Rank,1999,Both sexes,26th,May,Number,70
Rank,1999,Both sexes,26th,June,Number,271
Rank,1999,Both sexes,26th,July,Number,197
Rank,1999,Both sexes,26th,August,Number,29
Rank,1999,Both sexes,26th,September,Number,271
Rank,1999,Both sexes,26th,October,Number,214
Rank,1999,Both sexes,26th,November,Number,160
Rank,1999,Both sexes,26th,December,Number,320
Rank,1999,Both sexes,27th,January,Number,143
Rank,1999,Both sexes,27th,February,Number,284
Rank,1999,Both sexes,27th,March,Number,276
Rank,1999,Both sexes,27th,April,Number,116
Rank,1999,Both sexes,27th,May,Number,94
Rank,1999,Both sexes,27th,June,Number,296
Rank,1999,Both sexes,27th,July,Number,180
Rank,1999,Both sexes,27th,August,Number,204
Rank,1999,Both sexes,27th,September,Number,160
Rank,1999,Both sexes,27th,October,Number,167
Rank,1999,Both sexes,27th,November,Number,304
Rank,1999,Both sexes,27th,December,Number,290
Rank,1999,Both sexes,28th,January,Number,167
Rank,1999,Both sexes,28th,February,Number,314
Rank,1999,Both sexes,28th,March,Number,353
Rank,1999,Both sexes,28th,April,Number,186
Rank,1999,Both sexes,28th,May,Number,33
Rank,1999,Both sexes,28th,June,Number,108
Rank,1999,Both sexes,28th,July,Number,108
Rank,1999,Both sexes,28th,August,Number,357
Rank,1999,Both sexes,28th,September,Number,25
Rank,1999,Both sexes,28th,October,Number,167
Rank,1999,Both sexes,28th,November,Number,327
Rank,1999,Both sexes,28th,December,Number,254
Rank,1999,Both sexes,29th,January,Number,49
Rank,1999,Both sexes,29th,February,Number,
Rank,1999,Both sexes,29th,March,Number,214
Rank,1999,Both sexes,29th,April,Number,12
Rank,1999,Both sexes,29th,May,Number,257
Rank,1999,Both sexes,29th,June,Number,136
Rank,1999,Both sexes,29th,July,Number,52
Rank,1999,Both sexes,29th,August,Number,307
Rank,1999,Both sexes,29th,September,Number,70
Rank,1999,Both sexes,29th,October,Number,189
Rank,1999,Both sexes,29th,November,Number,279
Rank,1999,Both sexes,29th,December,Number,167
Rank,1999,Both sexes,30th,January,Number,322
Rank,1999,Both sexes,30th,February,Number,
Rank,1999,Both sexes,30th,March,Number,94
Rank,1999,Both sexes,30th,April,Number,139
Rank,1999,Both sexes,30th,May,Number,361
Rank,1999,Both sexes,30th,June,Number,116
Rank,1999,Both sexes,30th,July,Number,122
Rank,1999,Both sexes,30th,August,Number,160
Rank,1999,Both sexes,30th,September,Number,7
Rank,1999,Both sexes,30th,October,Number,262
Rank,1999,Both sexes,30th,November,Number,167
Rank,1999,Both sexes,30th,December,Number,16
Rank,1999,Both sexes,31st,January,Number,296
Rank,1999,Both sexes,31st,February,Number,
Rank,1999,Both sexes,31st,March,Number,108
Rank,1999,Both sexes,31st,April,Number,
Rank,1999,Both sexes,31st,May,Number,204
Rank,1999,Both sexes,31st,June,Number,
Rank,1999,Both sexes,31st,July,Number,300
Rank,1999,Both sexes,31st,August,Number,246
Rank,1999,Both sexes,31st,September,Number,
Rank,1999,Both sexes,31st,October,Number,327
Rank,1999,Both sexes,31st,November,Number,
Rank,1999,Both sexes,31st,December,Number,58
Rank,1999,Male,Total,January,Number,
Rank,1999,Male,Total,February,Number,
Rank,1999,Male,Total,March,Number,
Rank,1999,Male,Total,April,Number,
Rank,1999,Male,Total,May,Number,
Rank,1999,Male,Total,June,Number,
Rank,1999,Male,Total,July,Number,
Rank,1999,Male,Total,August,Number,
Rank,1999,Male,Total,September,Number,
Rank,1999,Male,Total,October,Number,
Rank,1999,Male,Total,November,Number,
Rank,1999,Male,Total,December,Number,
Rank,1999,Male,1st,January,Number,312
Rank,1999,Male,1st,February,Number,212
Rank,1999,Male,1st,March,Number,90
Rank,1999,Male,1st,April,Number,172
Rank,1999,Male,1st,May,Number,285
Rank,1999,Male,1st,June,Number,84
Rank,1999,Male,1st,July,Number,65
Rank,1999,Male,1st,August,Number,303
Rank,1999,Male,1st,September,Number,111
Rank,1999,Male,1st,October,Number,142
Rank,1999,Male,1st,November,Number,65
Rank,1999,Male,1st,December,Number,35
Rank,1999,Male,2nd,January,Number,291
Rank,1999,Male,2nd,February,Number,242
Rank,1999,Male,2nd,March,Number,58
Rank,1999,Male,2nd,April,Number,229
Rank,1999,Male,2nd,May,Number,291
Rank,1999,Male,2nd,June,Number,65
Rank,1999,Male,2nd,July,Number,77
Rank,1999,Male,2nd,August,Number,354
Rank,1999,Male,2nd,September,Number,160
Rank,1999,Male,2nd,October,Number,265
Rank,1999,Male,2nd,November,Number,45
Rank,1999,Male,2nd,December,Number,199
Rank,1999,Male,3rd,January,Number,224
Rank,1999,Male,3rd,February,Number,120
Rank,1999,Male,3rd,March,Number,35
Rank,1999,Male,3rd,April,Number,307
Rank,1999,Male,3rd,May,Number,275
Rank,1999,Male,3rd,June,Number,16
Rank,1999,Male,3rd,July,Number,240
Rank,1999,Male,3rd,August,Number,259
Rank,1999,Male,3rd,September,Number,134
Rank,1999,Male,3rd,October,Number,265
Rank,1999,Male,3rd,November,Number,44
Rank,1999,Male,3rd,December,Number,149
Rank,1999,Male,4th,January,Number,248
Rank,1999,Male,4th,February,Number,84
Rank,1999,Male,4th,March,Number,77
Rank,1999,Male,4th,April,Number,358
Rank,1999,Male,4th,May,Number,149
Rank,1999,Male,4th,June,Number,102
Rank,1999,Male,4th,July,Number,334
Rank,1999,Male,4th,August,Number,90
Rank,1999,Male,4th,September,Number,337
Rank,1999,Male,4th,October,Number,212
Rank,1999,Male,4th,November,Number,205
Rank,1999,Male,4th,December,Number,358
Rank,1999,Male,5th,January,Number,16
Rank,1999,Male,5th,February,Number,224
Rank,1999,Male,5th,March,Number,190
Rank,1999,Male,5th,April,Number,254
Rank,1999,Male,5th,May,Number,160
Rank,1999,Male,5th,June,Number,322
Rank,1999,Male,5th,July,Number,212
Rank,1999,Male,5th,August,Number,35
Rank,1999,Male,5th,September,Number,337
Rank,1999,Male,5th,October,Number,120
Rank,1999,Male,5th,November,Number,212
Rank,1999,Male,5th,December,Number,299
Rank,1999,Male,6th,January,Number,149
Rank,1999,Male,6th,February,Number,248
Rank,1999,Male,6th,March,Number,275
Rank,1999,Male,6th,April,Number,180
Rank,1999,Male,6th,May,Number,2
Rank,1999,Male,6th,June,Number,354
Rank,1999,Male,6th,July,Number,190
Rank,1999,Male,6th,August,Number,90
Rank,1999,Male,6th,September,Number,180
Rank,1999,Male,6th,October,Number,65
Rank,1999,Male,6th,November,Number,303
Rank,1999,Male,6th,December,Number,205
Rank,1999,Male,7th,January,Number,120
Rank,1999,Male,7th,February,Number,350
Rank,1999,Male,7th,March,Number,312
Rank,1999,Male,7th,April,Number,7
Rank,1999,Male,7th,May,Number,45
Rank,1999,Male,7th,June,Number,322
Rank,1999,Male,7th,July,Number,65
Rank,1999,Male,7th,August,Number,205
Rank,1999,Male,7th,September,Number,5
Rank,1999,Male,7th,October,Number,3
Rank,1999,Male,7th,November,Number,364
Rank,1999,Male,7th,December,Number,90
Rank,1999,Male,8th,January,Number,229
Rank,1999,Male,8th,February,Number,199
Rank,1999,Male,8th,March,Number,229
Rank,1999,Male,8th,April,Number,26
Rank,1999,Male,8th,May,Number,254
Rank,1999,Male,8th,June,Number,16
Rank,1999,Male,8th,July,Number,160
Rank,1999,Male,8th,August,Number,330
Rank,1999,Male,8th,September,Number,45
Rank,1999,Male,8th,October,Number,180
Rank,1999,Male,8th,November,Number,190
Rank,1999,Male,8th,December,Number,45
Rank,1999,Male,9th,January,Number,254
Rank,1999,Male,9th,February,Number,291
Rank,1999,Male,9th,March,Number,54
Rank,1999,Male,9th,April,Number,149
Rank,1999,Male,9th,May,Number,265
Rank,1999,Male,9th,June,Number,35
Rank,1999,Male,9th,July,Number,35
Rank,1999,Male,9th,August,Number,236
Rank,1999,Male,9th,September,Number,205
Rank,1999,Male,9th,October,Number,273
Rank,1999,Male,9th,November,Number,190
Rank,1999,Male,9th,December,Number,160
Rank,1999,Male,10th,January,Number,312
Rank,1999,Male,10th,February,Number,16
Rank,1999,Male,10th,March,Number,160
Rank,1999,Male,10th,April,Number,337
Rank,1999,Male,10th,May,Number,259
Rank,1999,Male,10th,June,Number,16
Rank,1999,Male,10th,July,Number,291
Rank,1999,Male,10th,August,Number,65
Rank,1999,Male,10th,September,Number,149
Rank,1999,Male,10th,October,Number,362
Rank,1999,Male,10th,November,Number,242
Rank,1999,Male,10th,December,Number,32
Rank,1999,Male,11th,January,Number,240
Rank,1999,Male,11th,February,Number,77
Rank,1999,Male,11th,March,Number,35
Rank,1999,Male,11th,April,Number,347
Rank,1999,Male,11th,May,Number,29
Rank,1999,Male,11th,June,Number,102
Rank,1999,Male,11th,July,Number,330
Rank,1999,Male,11th,August,Number,149
Rank,1999,Male,11th,September,Number,322
Rank,1999,Male,11th,October,Number,180
Rank,1999,Male,11th,November,Number,111
Rank,1999,Male,11th,December,Number,322
Rank,1999,Male,12th,January,Number,229
Rank,1999,Male,12th,February,Number,160
Rank,1999,Male,12th,March,Number,65
Rank,1999,Male,12th,April,Number,84
Rank,1999,Male,12th,May,Number,16
Rank,1999,Male,12th,June,Number,275
Rank,1999,Male,12th,July,Number,212
Rank,1999,Male,12th,August,Number,7
Rank,1999,Male,12th,September,Number,358
Rank,1999,Male,12th,October,Number,205
Rank,1999,Male,12th,November,Number,212
Rank,1999,Male,12th,December,Number,254
Rank,1999,Male,13th,January,Number,180
Rank,1999,Male,13th,February,Number,330
Rank,1999,Male,13th,March,Number,349
Rank,1999,Male,13th,April,Number,142
Rank,1999,Male,13th,May,Number,35
Rank,1999,Male,13th,June,Number,312
Rank,1999,Male,13th,July,Number,142
Rank,1999,Male,13th,August,Number,65
Rank,1999,Male,13th,September,Number,265
Rank,1999,Male,13th,October,Number,65
Rank,1999,Male,13th,November,Number,307
Rank,1999,Male,13th,December,Number,102
Rank,1999,Male,14th,January,Number,58
Rank,1999,Male,14th,February,Number,275
Rank,1999,Male,14th,March,Number,291
Rank,1999,Male,14th,April,Number,12
Rank,1999,Male,14th,May,Number,111
Rank,1999,Male,14th,June,Number,199
Rank,1999,Male,14th,July,Number,120
Rank,1999,Male,14th,August,Number,275
Rank,1999,Male,14th,September,Number,58
Rank,1999,Male,14th,October,Number,29
Rank,1999,Male,14th,November,Number,275
Rank,1999,Male,14th,December,Number,77
Rank,1999,Male,15th,January,Number,90
Rank,1999,Male,15th,February,Number,142
Rank,1999,Male,15th,March,Number,12
Rank,1999,Male,15th,April,Number,134
Rank,1999,Male,15th,May,Number,273
Rank,1999,Male,15th,June,Number,90
Rank,1999,Male,15th,July,Number,35
Rank,1999,Male,15th,August,Number,291
Rank,1999,Male,15th,September,Number,90
Rank,1999,Male,15th,October,Number,224
Rank,1999,Male,15th,November,Number,172
Rank,1999,Male,15th,December,Number,65
Rank,1999,Male,16th,January,Number,242
Rank,1999,Male,16th,February,Number,190
Rank,1999,Male,16th,March,Number,58
Rank,1999,Male,16th,April,Number,102
Rank,1999,Male,16th,May,Number,344
Rank,1999,Male,16th,June,Number,180
Rank,1999,Male,16th,July,Number,265
Rank,1999,Male,16th,August,Number,229
Rank,1999,Male,16th,September,Number,58
Rank,1999,Male,16th,October,Number,265
Rank,1999,Male,16th,November,Number,199
Rank,1999,Male,16th,December,Number,32
Rank,1999,Male,17th,January,Number,322
Rank,1999,Male,17th,February,Number,172
Rank,1999,Male,17th,March,Number,358
Rank,1999,Male,17th,April,Number,299
Rank,1999,Male,17th,May,Number,259
Rank,1999,Male,17th,June,Number,84
Rank,1999,Male,17th,July,Number,303
Rank,1999,Male,17th,August,Number,120
Rank,1999,Male,17th,September,Number,160
Rank,1999,Male,17th,October,Number,342
Rank,1999,Male,17th,November,Number,172
Rank,1999,Male,17th,December,Number,16
Rank,1999,Male,18th,January,Number,224
Rank,1999,Male,18th,February,Number,90
Rank,1999,Male,18th,March,Number,111
Rank,1999,Male,18th,April,Number,229
Rank,1999,Male,18th,May,Number,77
Rank,1999,Male,18th,June,Number,45
Rank,1999,Male,18th,July,Number,303
Rank,1999,Male,18th,August,Number,212
Rank,1999,Male,18th,September,Number,291
Rank,1999,Male,18th,October,Number,90
Rank,1999,Male,18th,November,Number,149
Rank,1999,Male,18th,December,Number,172
Rank,1999,Male,19th,January,Number,180
Rank,1999,Male,19th,February,Number,212
Rank,1999,Male,19th,March,Number,229
Rank,1999,Male,19th,April,Number,90
Rank,1999,Male,19th,May,Number,45
Rank,1999,Male,19th,June,Number,275
Rank,1999,Male,19th,July,Number,102
Rank,1999,Male,19th,August,Number,236
Rank,1999,Male,19th,September,Number,307
Rank,1999,Male,19th,October,Number,160
Rank,1999,Male,19th,November,Number,224
Rank,1999,Male,19th,December,Number,275
Rank,1999,Male,20th,January,Number,90
Rank,1999,Male,20th,February,Number,248
Rank,1999,Male,20th,March,Number,285
Rank,1999,Male,20th,April,Number,212
Rank,1999,Male,20th,May,Number,12
Rank,1999,Male,20th,June,Number,248
Rank,1999,Male,20th,July,Number,54
Rank,1999,Male,20th,August,Number,180
Rank,1999,Male,20th,September,Number,65
Rank,1999,Male,20th,October,Number,312
Rank,1999,Male,20th,November,Number,312
Rank,1999,Male,20th,December,Number,180
Rank,1999,Male,21st,January,Number,120
Rank,1999,Male,21st,February,Number,354
Rank,1999,Male,21st,March,Number,342
Rank,1999,Male,21st,April,Number,16
Rank,1999,Male,21st,May,Number,248
Rank,1999,Male,21st,June,Number,205
Rank,1999,Male,21st,July,Number,26
Rank,1999,Male,21st,August,Number,354
Rank,1999,Male,21st,September,Number,58
Rank,1999,Male,21st,October,Number,54
Rank,1999,Male,21st,November,Number,347
Rank,1999,Male,21st,December,Number,149
Rank,1999,Male,22nd,January,Number,102
Rank,1999,Male,22nd,February,Number,265
Rank,1999,Male,22nd,March,Number,120
Rank,1999,Male,22nd,April,Number,7
Rank,1999,Male,22nd,May,Number,344
Rank,1999,Male,22nd,June,Number,7
Rank,1999,Male,22nd,July,Number,58
Rank,1999,Male,22nd,August,Number,350
Rank,1999,Male,22nd,September,Number,102
Rank,1999,Male,22nd,October,Number,149
Rank,1999,Male,22nd,November,Number,134
Rank,1999,Male,22nd,December,Number,149
Rank,1999,Male,23rd,January,Number,322
Rank,1999,Male,23rd,February,Number,199
Rank,1999,Male,23rd,March,Number,45
Rank,1999,Male,23rd,April,Number,212
Rank,1999,Male,23rd,May,Number,362
Rank,1999,Male,23rd,June,Number,102
Rank,1999,Male,23rd,July,Number,77
Rank,1999,Male,23rd,August,Number,242
Rank,1999,Male,23rd,September,Number,12
Rank,1999,Male,23rd,October,Number,350
Rank,1999,Male,23rd,November,Number,212
Rank,1999,Male,23rd,December,Number,190
Rank,1999,Male,24th,January,Number,337
Rank,1999,Male,24th,February,Number,45
Rank,1999,Male,24th,March,Number,26
Rank,1999,Male,24th,April,Number,322
Rank,1999,Male,24th,May,Number,111
Rank,1999,Male,24th,June,Number,1
Rank,1999,Male,24th,July,Number,307
Rank,1999,Male,24th,August,Number,45
Rank,1999,Male,24th,September,Number,35
Rank,1999,Male,24th,October,Number,350
Rank,1999,Male,24th,November,Number,172
Rank,1999,Male,24th,December,Number,334
Rank,1999,Male,25th,January,Number,120
Rank,1999,Male,25th,February,Number,16
Rank,1999,Male,25th,March,Number,77
Rank,1999,Male,25th,April,Number,259
Rank,1999,Male,25th,May,Number,142
Rank,1999,Male,25th,June,Number,236
Rank,1999,Male,25th,July,Number,312
Rank,1999,Male,25th,August,Number,134
Rank,1999,Male,25th,September,Number,285
Rank,1999,Male,25th,October,Number,242
Rank,1999,Male,25th,November,Number,120
Rank,1999,Male,25th,December,Number,330
Rank,1999,Male,26th,January,Number,160
Rank,1999,Male,26th,February,Number,160
Rank,1999,Male,26th,March,Number,142
Rank,1999,Male,26th,April,Number,149
Rank,1999,Male,26th,May,Number,134
Rank,1999,Male,26th,June,Number,307
Rank,1999,Male,26th,July,Number,248
Rank,1999,Male,26th,August,Number,54
Rank,1999,Male,26th,September,Number,242
Rank,1999,Male,26th,October,Number,134
Rank,1999,Male,26th,November,Number,172
Rank,1999,Male,26th,December,Number,322
Rank,1999,Male,27th,January,Number,120
Rank,1999,Male,27th,February,Number,285
Rank,1999,Male,27th,March,Number,275
Rank,1999,Male,27th,April,Number,134
Rank,1999,Male,27th,May,Number,84
Rank,1999,Male,27th,June,Number,299
Rank,1999,Male,27th,July,Number,65
Rank,1999,Male,27th,August,Number,160
Rank,1999,Male,27th,September,Number,190
Rank,1999,Male,27th,October,Number,111
Rank,1999,Male,27th,November,Number,259
Rank,1999,Male,27th,December,Number,285
Rank,1999,Male,28th,January,Number,190
Rank,1999,Male,28th,February,Number,365
Rank,1999,Male,28th,March,Number,312
Rank,1999,Male,28th,April,Number,172
Rank,1999,Male,28th,May,Number,90
Rank,1999,Male,28th,June,Number,134
Rank,1999,Male,28th,July,Number,199
Rank,1999,Male,28th,August,Number,344
Rank,1999,Male,28th,September,Number,111
Rank,1999,Male,28th,October,Number,160
Rank,1999,Male,28th,November,Number,312
Rank,1999,Male,28th,December,Number,299
Rank,1999,Male,29th,January,Number,16
Rank,1999,Male,29th,February,Number,
Rank,1999,Male,29th,March,Number,111
Rank,1999,Male,29th,April,Number,4
Rank,1999,Male,29th,May,Number,212
Rank,1999,Male,29th,June,Number,29
Rank,1999,Male,29th,July,Number,120
Rank,1999,Male,29th,August,Number,285
Rank,1999,Male,29th,September,Number,111
Rank,1999,Male,29th,October,Number,32
Rank,1999,Male,29th,November,Number,291
Rank,1999,Male,29th,December,Number,142
Rank,1999,Male,30th,January,Number,312
Rank,1999,Male,30th,February,Number,
Rank,1999,Male,30th,March,Number,120
Rank,1999,Male,30th,April,Number,102
Rank,1999,Male,30th,May,Number,337
Rank,1999,Male,30th,June,Number,120
Rank,1999,Male,30th,July,Number,190
Rank,1999,Male,30th,August,Number,120
Rank,1999,Male,30th,September,Number,6
Rank,1999,Male,30th,October,Number,254
Rank,1999,Male,30th,November,Number,236
Rank,1999,Male,30th,December,Number,7
Rank,1999,Male,31st,January,Number,259
Rank,1999,Male,31st,February,Number,
Rank,1999,Male,31st,March,Number,84
Rank,1999,Male,31st,April,Number,
Rank,1999,Male,31st,May,Number,205
Rank,1999,Male,31st,June,Number,
Rank,1999,Male,31st,July,Number,265
Rank,1999,Male,31st,August,Number,275
Rank,1999,Male,31st,September,Number,
Rank,1999,Male,31st,October,Number,334
Rank,1999,Male,31st,November,Number,
Rank,1999,Male,31st,December,Number,180
Rank,1999,Female,Total,January,Number,
Rank,1999,Female,Total,February,Number,
Rank,1999,Female,Total,March,Number,
Rank,1999,Female,Total,April,Number,
Rank,1999,Female,Total,May,Number,
Rank,1999,Female,Total,June,Number,
Rank,1999,Female,Total,July,Number,
Rank,1999,Female,Total,August,Number,
Rank,1999,Female,Total,September,Number,
Rank,1999,Female,Total,October,Number,
Rank,1999,Female,Total,November,Number,
Rank,1999,Female,Total,December,Number,
Rank,1999,Female,1st,January,Number,254
Rank,1999,Female,1st,February,Number,130
Rank,1999,Female,1st,March,Number,197
Rank,1999,Female,1st,April,Number,118
Rank,1999,Female,1st,May,Number,226
Rank,1999,Female,1st,June,Number,89
Rank,1999,Female,1st,July,Number,213
Rank,1999,Female,1st,August,Number,254
Rank,1999,Female,1st,September,Number,35
Rank,1999,Female,1st,October,Number,63
Rank,1999,Female,1st,November,Number,213
Rank,1999,Female,1st,December,Number,205
Rank,1999,Female,2nd,January,Number,278
Rank,1999,Female,2nd,February,Number,16
Rank,1999,Female,2nd,March,Number,249
Rank,1999,Female,2nd,April,Number,51
Rank,1999,Female,2nd,May,Number,269
Rank,1999,Female,2nd,June,Number,130
Rank,1999,Female,2nd,July,Number,89
Rank,1999,Female,2nd,August,Number,254
Rank,1999,Female,2nd,September,Number,80
Rank,1999,Female,2nd,October,Number,51
Rank,1999,Female,2nd,November,Number,300
Rank,1999,Female,2nd,December,Number,80
Rank,1999,Female,3rd,January,Number,288
Rank,1999,Female,3rd,February,Number,21
Rank,1999,Female,3rd,March,Number,240
Rank,1999,Female,3rd,April,Number,359
Rank,1999,Female,3rd,May,Number,272
Rank,1999,Female,3rd,June,Number,80
Rank,1999,Female,3rd,July,Number,340
Rank,1999,Female,3rd,August,Number,240
Rank,1999,Female,3rd,September,Number,35
Rank,1999,Female,3rd,October,Number,300
Rank,1999,Female,3rd,November,Number,12
Rank,1999,Female,3rd,December,Number,47
Rank,1999,Female,4th,January,Number,118
Rank,1999,Female,4th,February,Number,226
Rank,1999,Female,4th,March,Number,80
Rank,1999,Female,4th,April,Number,310
Rank,1999,Female,4th,May,Number,162
Rank,1999,Female,4th,June,Number,213
Rank,1999,Female,4th,July,Number,328
Rank,1999,Female,4th,August,Number,25
Rank,1999,Female,4th,September,Number,340
Rank,1999,Female,4th,October,Number,205
Rank,1999,Female,4th,November,Number,9
Rank,1999,Female,4th,December,Number,232
Rank,1999,Female,5th,January,Number,130
Rank,1999,Female,5th,February,Number,213
Rank,1999,Female,5th,March,Number,205
Rank,1999,Female,5th,April,Number,300
Rank,1999,Female,5th,May,Number,51
Rank,1999,Female,5th,June,Number,278
Rank,1999,Female,5th,July,Number,130
Rank,1999,Female,5th,August,Number,28
Rank,1999,Female,5th,September,Number,272
Rank,1999,Female,5th,October,Number,97
Rank,1999,Female,5th,November,Number,130
Rank,1999,Female,5th,December,Number,340
Rank,1999,Female,6th,January,Number,114
Rank,1999,Female,6th,February,Number,300
Rank,1999,Female,6th,March,Number,288
Rank,1999,Female,6th,April,Number,288
Rank,1999,Female,6th,May,Number,25
Rank,1999,Female,6th,June,Number,263
Rank,1999,Female,6th,July,Number,148
Rank,1999,Female,6th,August,Number,180
Rank,1999,Female,6th,September,Number,47
Rank,1999,Female,6th,October,Number,109
Rank,1999,Female,6th,November,Number,340
Rank,1999,Female,6th,December,Number,197
Rank,1999,Female,7th,January,Number,205
Rank,1999,Female,7th,February,Number,336
Rank,1999,Female,7th,March,Number,328
Rank,1999,Female,7th,April,Number,74
Rank,1999,Female,7th,May,Number,63
Rank,1999,Female,7th,June,Number,328
Rank,1999,Female,7th,July,Number,130
Rank,1999,Female,7th,August,Number,300
Rank,1999,Female,7th,September,Number,118
Rank,1999,Female,7th,October,Number,89
Rank,1999,Female,7th,November,Number,350
Rank,1999,Female,7th,December,Number,63
Rank,1999,Female,8th,January,Number,97
Rank,1999,Female,8th,February,Number,168
Rank,1999,Female,8th,March,Number,130
Rank,1999,Female,8th,April,Number,12
Rank,1999,Female,8th,May,Number,278
Rank,1999,Female,8th,June,Number,213
Rank,1999,Female,8th,July,Number,51
Rank,1999,Female,8th,August,Number,348
Rank,1999,Female,8th,September,Number,74
Rank,1999,Female,8th,October,Number,168
Rank,1999,Female,8th,November,Number,97
Rank,1999,Female,8th,December,Number,180
Rank,1999,Female,9th,January,Number,192
Rank,1999,Female,9th,February,Number,168
Rank,1999,Female,9th,March,Number,130
Rank,1999,Female,9th,April,Number,232
Rank,1999,Female,9th,May,Number,278
Rank,1999,Female,9th,June,Number,10
Rank,1999,Female,9th,July,Number,80
Rank,1999,Female,9th,August,Number,254
Rank,1999,Female,9th,September,Number,162
Rank,1999,Female,9th,October,Number,240
Rank,1999,Female,9th,November,Number,222
Rank,1999,Female,9th,December,Number,74
Rank,1999,Female,10th,January,Number,353
Rank,1999,Female,10th,February,Number,180
Rank,1999,Female,10th,March,Number,197
Rank,1999,Female,10th,April,Number,249
Rank,1999,Female,10th,May,Number,148
Rank,1999,Female,10th,June,Number,51
Rank,1999,Female,10th,July,Number,328
Rank,1999,Female,10th,August,Number,180
Rank,1999,Female,10th,September,Number,263
Rank,1999,Female,10th,October,Number,288
Rank,1999,Female,10th,November,Number,97
Rank,1999,Female,10th,December,Number,148
Rank,1999,Female,11th,January,Number,168
Rank,1999,Female,11th,February,Number,25
Rank,1999,Female,11th,March,Number,130
Rank,1999,Female,11th,April,Number,353
Rank,1999,Female,11th,May,Number,162
Rank,1999,Female,11th,June,Number,118
Rank,1999,Female,11th,July,Number,353
Rank,1999,Female,11th,August,Number,130
Rank,1999,Female,11th,September,Number,353
Rank,1999,Female,11th,October,Number,222
Rank,1999,Female,11th,November,Number,51
Rank,1999,Female,11th,December,Number,254
Rank,1999,Female,12th,January,Number,197
Rank,1999,Female,12th,February,Number,180
Rank,1999,Female,12th,March,Number,16
Rank,1999,Female,12th,April,Number,288
Rank,1999,Female,12th,May,Number,118
Rank,1999,Female,12th,June,Number,168
Rank,1999,Female,12th,July,Number,192
Rank,1999,Female,12th,August,Number,97
Rank,1999,Female,12th,September,Number,310
Rank,1999,Female,12th,October,Number,240
Rank,1999,Female,12th,November,Number,180
Rank,1999,Female,12th,December,Number,318
Rank,1999,Female,13th,January,Number,118
Rank,1999,Female,13th,February,Number,318
Rank,1999,Female,13th,March,Number,318
Rank,1999,Female,13th,April,Number,51
Rank,1999,Female,13th,May,Number,118
Rank,1999,Female,13th,June,Number,254
Rank,1999,Female,13th,July,Number,12
Rank,1999,Female,13th,August,Number,168
Rank,1999,Female,13th,September,Number,192
Rank,1999,Female,13th,October,Number,97
Rank,1999,Female,13th,November,Number,310
Rank,1999,Female,13th,December,Number,130
Rank,1999,Female,14th,January,Number,63
Rank,1999,Female,14th,February,Number,310
Rank,1999,Female,14th,March,Number,340
Rank,1999,Female,14th,April,Number,154
Rank,1999,Female,14th,May,Number,97
Rank,1999,Female,14th,June,Number,226
Rank,1999,Female,14th,July,Number,80
Rank,1999,Female,14th,August,Number,249
Rank,1999,Female,14th,September,Number,130
Rank,1999,Female,14th,October,Number,42
Rank,1999,Female,14th,November,Number,300
Rank,1999,Female,14th,December,Number,80
Rank,1999,Female,15th,January,Number,63
Rank,1999,Female,15th,February,Number,192
Rank,1999,Female,15th,March,Number,197
Rank,1999,Female,15th,April,Number,42
Rank,1999,Female,15th,May,Number,318
Rank,1999,Female,15th,June,Number,162
Rank,1999,Female,15th,July,Number,35
Rank,1999,Female,15th,August,Number,353
Rank,1999,Female,15th,September,Number,21
Rank,1999,Female,15th,October,Number,226
Rank,1999,Female,15th,November,Number,180
Rank,1999,Female,15th,December,Number,154
Rank,1999,Female,16th,January,Number,249
Rank,1999,Female,16th,February,Number,114
Rank,1999,Female,16th,March,Number,1
Rank,1999,Female,16th,April,Number,269
Rank,1999,Female,16th,May,Number,278
Rank,1999,Female,16th,June,Number,6
Rank,1999,Female,16th,July,Number,118
Rank,1999,Female,16th,August,Number,35
Rank,1999,Female,16th,September,Number,4
Rank,1999,Female,16th,October,Number,300
Rank,1999,Female,16th,November,Number,89
Rank,1999,Female,16th,December,Number,180
Rank,1999,Female,17th,January,Number,360
Rank,1999,Female,17th,February,Number,51
Rank,1999,Female,17th,March,Number,240
Rank,1999,Female,17th,April,Number,237
Rank,1999,Female,17th,May,Number,213
Rank,1999,Female,17th,June,Number,197
Rank,1999,Female,17th,July,Number,118
Rank,1999,Female,17th,August,Number,168
Rank,1999,Female,17th,September,Number,240
Rank,1999,Female,17th,October,Number,288
Rank,1999,Female,17th,November,Number,213
Rank,1999,Female,17th,December,Number,130
Rank,1999,Female,18th,January,Number,226
Rank,1999,Female,18th,February,Number,63
Rank,1999,Female,18th,March,Number,63
Rank,1999,Female,18th,April,Number,336
Rank,1999,Female,18th,May,Number,63
Rank,1999,Female,18th,June,Number,74
Rank,1999,Female,18th,July,Number,365
Rank,1999,Female,18th,August,Number,42
Rank,1999,Female,18th,September,Number,300
Rank,1999,Female,18th,October,Number,213
Rank,1999,Female,18th,November,Number,89
Rank,1999,Female,18th,December,Number,310
Rank,1999,Female,19th,January,Number,232
Rank,1999,Female,19th,February,Number,97
Rank,1999,Female,19th,March,Number,180
Rank,1999,Female,19th,April,Number,148
Rank,1999,Female,19th,May,Number,47
Rank,1999,Female,19th,June,Number,300
Rank,1999,Female,19th,July,Number,192
Rank,1999,Female,19th,August,Number,130
Rank,1999,Female,19th,September,Number,360
Rank,1999,Female,19th,October,Number,263
Rank,1999,Female,19th,November,Number,205
Rank,1999,Female,19th,December,Number,323
Rank,1999,Female,20th,January,Number,89
Rank,1999,Female,20th,February,Number,323
Rank,1999,Female,20th,March,Number,288
Rank,1999,Female,20th,April,Number,6
Rank,1999,Female,20th,May,Number,205
Rank,1999,Female,20th,June,Number,336
Rank,1999,Female,20th,July,Number,63
Rank,1999,Female,20th,August,Number,35
Rank,1999,Female,20th,September,Number,97
Rank,1999,Female,20th,October,Number,232
Rank,1999,Female,20th,November,Number,154
Rank,1999,Female,20th,December,Number,130
Rank,1999,Female,21st,January,Number,28
Rank,1999,Female,21st,February,Number,353
Rank,1999,Female,21st,March,Number,336
Rank,1999,Female,21st,April,Number,4
Rank,1999,Female,21st,May,Number,197
Rank,1999,Female,21st,June,Number,63
Rank,1999,Female,21st,July,Number,237
Rank,1999,Female,21st,August,Number,240
Rank,1999,Female,21st,September,Number,16
Rank,1999,Female,21st,October,Number,148
Rank,1999,Female,21st,November,Number,263
Rank,1999,Female,21st,December,Number,16
Rank,1999,Female,22nd,January,Number,232
Rank,1999,Female,22nd,February,Number,254
Rank,1999,Female,22nd,March,Number,254
Rank,1999,Female,22nd,April,Number,28
Rank,1999,Female,22nd,May,Number,263
Rank,1999,Female,22nd,June,Number,2
Rank,1999,Female,22nd,July,Number,97
Rank,1999,Female,22nd,August,Number,310
Rank,1999,Female,22nd,September,Number,28
Rank,1999,Female,22nd,October,Number,16
Rank,1999,Female,22nd,November,Number,272
Rank,1999,Female,22nd,December,Number,168
Rank,1999,Female,23rd,January,Number,328
Rank,1999,Female,23rd,February,Number,47
Rank,1999,Female,23rd,March,Number,168
Rank,1999,Female,23rd,April,Number,74
Rank,1999,Female,23rd,May,Number,364
Rank,1999,Female,23rd,June,Number,12
Rank,1999,Female,23rd,July,Number,162
Rank,1999,Female,23rd,August,Number,272
Rank,1999,Female,23rd,September,Number,2
Rank,1999,Female,23rd,October,Number,272
Rank,1999,Female,23rd,November,Number,168
Rank,1999,Female,23rd,December,Number,154
Rank,1999,Female,24th,January,Number,347
Rank,1999,Female,24th,February,Number,109
Rank,1999,Female,24th,March,Number,213
Rank,1999,Female,24th,April,Number,323
Rank,1999,Female,24th,May,Number,285
Rank,1999,Female,24th,June,Number,109
Rank,1999,Female,24th,July,Number,278
Rank,1999,Female,24th,August,Number,28
Rank,1999,Female,24th,September,Number,222
Rank,1999,Female,24th,October,Number,288
Rank,1999,Female,24th,November,Number,118
Rank,1999,Female,24th,December,Number,340
Rank,1999,Female,25th,January,Number,109
Rank,1999,Female,25th,February,Number,28
Rank,1999,Female,25th,March,Number,130
Rank,1999,Female,25th,April,Number,352
Rank,1999,Female,25th,May,Number,97
Rank,1999,Female,25th,June,Number,63
Rank,1999,Female,25th,July,Number,288
Rank,1999,Female,25th,August,Number,51
Rank,1999,Female,25th,September,Number,254
Rank,1999,Female,25th,October,Number,350
Rank,1999,Female,25th,November,Number,21
Rank,1999,Female,25th,December,Number,288
Rank,1999,Female,26th,January,Number,154
Rank,1999,Female,26th,February,Number,226
Rank,1999,Female,26th,March,Number,118
Rank,1999,Female,26th,April,Number,154
Rank,1999,Female,26th,May,Number,42
Rank,1999,Female,26th,June,Number,240
Rank,1999,Female,26th,July,Number,89
Rank,1999,Female,26th,August,Number,42
Rank,1999,Female,26th,September,Number,318
Rank,1999,Female,26th,October,Number,249
Rank,1999,Female,26th,November,Number,130
Rank,1999,Female,26th,December,Number,310
Rank,1999,Female,27th,January,Number,154
Rank,1999,Female,27th,February,Number,285
Rank,1999,Female,27th,March,Number,278
Rank,1999,Female,27th,April,Number,97
Rank,1999,Female,27th,May,Number,114
Rank,1999,Female,27th,June,Number,285
Rank,1999,Female,27th,July,Number,240
Rank,1999,Female,27th,August,Number,222
Rank,1999,Female,27th,September,Number,114
Rank,1999,Female,27th,October,Number,197
Rank,1999,Female,27th,November,Number,340
Rank,1999,Female,27th,December,Number,288
Rank,1999,Female,28th,January,Number,118
Rank,1999,Female,28th,February,Number,205
Rank,1999,Female,28th,March,Number,360
Rank,1999,Female,28th,April,Number,168
Rank,1999,Female,28th,May,Number,21
Rank,1999,Female,28th,June,Number,89
Rank,1999,Female,28th,July,Number,35
Rank,1999,Female,28th,August,Number,348
Rank,1999,Female,28th,September,Number,6
Rank,1999,Female,28th,October,Number,154
Rank,1999,Female,28th,November,Number,328
Rank,1999,Female,28th,December,Number,205
Rank,1999,Female,29th,January,Number,148
Rank,1999,Female,29th,February,Number,
Rank,1999,Female,29th,March,Number,263
Rank,1999,Female,29th,April,Number,80
Rank,1999,Female,29th,May,Number,300
Rank,1999,Female,29th,June,Number,237
Rank,1999,Female,29th,July,Number,28
Rank,1999,Female,29th,August,Number,323
Rank,1999,Female,29th,September,Number,51
Rank,1999,Female,29th,October,Number,288
Rank,1999,Female,29th,November,Number,272
Rank,1999,Female,29th,December,Number,168
Rank,1999,Female,30th,January,Number,323
Rank,1999,Female,30th,February,Number,
Rank,1999,Female,30th,March,Number,80
Rank,1999,Female,30th,April,Number,162
Rank,1999,Female,30th,May,Number,360
Rank,1999,Female,30th,June,Number,109
Rank,1999,Female,30th,July,Number,51
Rank,1999,Female,30th,August,Number,180
Rank,1999,Female,30th,September,Number,35
Rank,1999,Female,30th,October,Number,269
Rank,1999,Female,30th,November,Number,74
Rank,1999,Female,30th,December,Number,51
Rank,1999,Female,31st,January,Number,328
Rank,1999,Female,31st,February,Number,
Rank,1999,Female,31st,March,Number,130
Rank,1999,Female,31st,April,Number,
Rank,1999,Female,31st,May,Number,180
Rank,1999,Female,31st,June,Number,
Rank,1999,Female,31st,July,Number,328
Rank,1999,Female,31st,August,Number,180
Rank,1999,Female,31st,September,Number,
Rank,1999,Female,31st,October,Number,310
Rank,1999,Female,31st,November,Number,
Rank,1999,Female,31st,December,Number,10
